user_id,mpin,pin_length,dob_self,dob_spouse,dob_pet,anniversary_date,label,reason_if_weak,jumbled_self,jumbled_spouse,jumbled_pet,jumbled_anniversary
U0001,4042,4,1970-08-27,1974-03-19,2018-09-08,2004-12-21,STRONG,,2708|1970|7027|7008|0827,0319|7419|1974|7403|1903,0809|2018|1809|0908|1808,2004|1221|0421|0412|2112
U0002,1234,4,1976-12-19,1972-06-08,2024-07-26,2011-01-17,WEAK,COMMON_PATTERN,7619|1976|7612|1219|1912,7206|0806|0608|7208|1972,0726|2407|2426|2607|2024,1701|0117|2011|1101|1117
U0003,3329,4,1988-07-04,1988-07-02,2023-10-02,2007-04-04,STRONG,,8804|0704|8807|0407|1988,8802|0702|0207|8807|1988,2310|2302|0210|1002|2023,2007|0704|0404
U0004,2475,4,1991-08-15,1992-01-07,2017-12-15,2012-03-08,STRONG,,1508|9115|0815|9108|1991,0107|9207|1992|0701|9201,1512|1215|1715|1712|2017,0308|1203|0803|2012|1208
U0005,5700,4,1975-11-27,1976-01-24,2022-05-25,2021-09-19,STRONG,,1975|7511|2711|7527|1127,7601|1976|2401|7624|0124,2225|2205|2505|2022|0525,0919|2119|2021|1909|2109
U0006,2309,4,1987-07-05,1990-12-02,2011-03-06,2004-09-23,WEAK,DEMOGRAPHIC_ANNIVERSARY,8707|1987|8705|0507|0705,1990|0212|1202|9002|9012,0306|1103|1106|2011|0603,0409|2004|0423|0923|2309
U0007,5447,4,1982-01-08,1983-05-03,2012-10-18,2015-01-17,STRONG,,8208|0108|8201|0801|1982,1983|8303|0503|0305|8305,1218|1210|1018|1810|2012,1701|0117|1501|1517|2015
U0008,9122,4,1989-12-06,1990-08-19,2010-05-12,2010-02-26,STRONG,,8906|1206|8912|0612|1989,1990|9019|1908|0819|9008,2010|1205|0512|1012|1005,2010|2602|1002|0226|1026
U0009,1111,4,1993-03-09,1988-08-02,2015-02-07,2018-09-23,WEAK,COMMON_PATTERN,1993|0309|9309|9303|0903,0208|8808|8802|0802|1988,1502|0702|1507|0207|2015,0923|2309|2018|1823|1809
U0010,6102,4,1990-07-02,1988-12-27,2020-11-20,2000-05-19,STRONG,,1990|0702|9002|0207|9007,8827|1227|2712|8812|1988,1120|2020|2011,0019|1905|0519|0005|2000
U0011,0328,4,1999-01-11,2000-03-28,2016-12-29,2009-01-01,WEAK,DEMOGRAPHIC_SPOUSE,9901|9911|1999|0111|1101,0003|2803|0328|0028|2000,1612|2912|2016|1229|1629,0901|2009|0101
U0012,2398,4,1997-02-16,1998-01-08,2021-11-03,2008-12-10,STRONG,,1602|9716|9702|1997|0216,0108|1998|0801|9808|9801,0311|1103|2021|2103|2111,0810|1210|2008|0812|1012
U0013,0112,4,2003-01-19,2008-12-01,2023-08-27,2008-05-30,WEAK,DEMOGRAPHIC_SPOUSE,0319|0301|1901|0119|2003,1201|2008|0112|0801|0812,2708|2327|2308|2023|0827,0830|0805|2008|3005|0530
U0014,2249,4,1992-09-18,1993-07-18,2013-08-05,2020-08-24,STRONG,,9209|0918|9218|1809|1992,0718|1993|1807|9307|9318,2013|0508|0805|1305|1308,2008|0824|2408|2024|2020
U0015,0923,4,1997-11-30,1999-06-16,2012-07-31,2013-09-23,WEAK,DEMOGRAPHIC_ANNIVERSARY,1130|3011|1997|9711|9730,1606|0616|1999|9916|9906,1207|1231|2012|0731|3107,2013|1309|1323|0923|2309
U0016,7940,4,1979-06-15,1978-05-06,2015-03-09,2001-11-28,STRONG,,1506|0615|7915|7906|1979,0506|1978|0605|7805|7806,0309|1509|1503|0903|2015,1128|0128|2811|2001|0111
U0017,7777,4,1973-12-17,1973-08-13,2023-08-31,2019-10-20,WEAK,COMMON_PATTERN,1217|7317|1973|1712|7312,7308|0813|7313|1973|1308,0831|3108|2308|2331|2023,2010|2019|1910|1920|1020
U0018,1702,4,1975-11-18,1979-02-17,2014-12-07,2011-06-27,WEAK,DEMOGRAPHIC_SPOUSE,1975|7518|7511|1118|1811,7917|7902|1979|1702|0217,1207|1407|1412|0712|2014,0627|2706|1106|1127|2011
U0019,2011,4,1988-11-03,1986-05-27,2018-05-09,2020-11-01,WEAK,DEMOGRAPHIC_ANNIVERSARY,0311|8803|1103|8811|1988,1986|2705|0527|8627|8605,0905|2018|1805|1809|0509,2001|0111|2011|1101|2020
U0020,1979,4,1979-09-26,1983-01-04,2011-03-18,2015-04-19,WEAK,DEMOGRAPHIC_SELF,7926|0926|7909|2609|1979,1983|8304|8301|0401|0104,1103|0318|1118|2011|1803,1504|1519|1904|0419|2015
U0021,3152,4,1976-05-12,1977-05-22,2014-12-12,2021-11-22,STRONG,,1976|7612|1205|0512|7605,2205|7722|7705|0522|1977,2014|1412|1212,2021|2111|1122|2211|2122
U0022,1997,4,1997-12-12,1997-11-27,2022-01-15,2022-11-25,WEAK,"DEMOGRAPHIC_SELF,DEMOGRAPHIC_SPOUSE",9712|1997|1212,2711|1127|1997|9711|9727,2215|1501|0115|2022|2201,2225|2511|2022|2211|1125
U0023,5805,4,1979-01-23,1982-12-18,2015-02-20,2000-03-28,STRONG,,7901|7923|0123|1979|2301,8212|1218|8218|1812|1982,0220|1502|2015|1520|2002,0003|2803|0328|0028|2000
U0024,1204,4,1978-11-07,1976-12-04,2019-08-27,2020-10-29,WEAK,DEMOGRAPHIC_SPOUSE,1107|7807|1978|7811|0711,1976|1204|7612|7604|0412,2708|2019|1927|1908|0827,2010|1029|2910|2029|2020
U0025,9768,4,1983-07-31,1985-09-07,2020-10-25,2007-11-03,STRONG,,1983|8331|0731|3107|8307,8507|8509|0709|0907|1985,2010|1025|2510|2025|2020,0311|1103|0711|0703|2007
U0026,2310,4,1989-02-18,1987-10-23,2023-11-01,2023-05-14,WEAK,DEMOGRAPHIC_SPOUSE,8918|8902|1802|1989|0218,2310|1987|8723|1023|8710,2023|0111|1101|2311|2301,0514|2305|2314|1405|2023
U0027,1111,4,1982-12-29,1987-07-20,2021-09-08,2021-06-25,WEAK,COMMON_PATTERN,8212|2912|8229|1229|1982,0720|8707|1987|2007|8720,2021|0809|0908|2108|2109,2021|2106|0625|2506|2125
U0028,0887,4,1971-04-11,1976-02-25,2019-12-03,2014-01-16,STRONG,,7111|1971|7104|0411|1104,1976|7602|2502|0225|7625,2019|1203|1912|1903|0312,1416|1401|0116|1601|2014
U0029,2580,4,1989-09-19,1989-09-19,2013-04-05,2007-10-14,WEAK,COMMON_PATTERN,0919|8909|8919|1909|1989,0919|8909|8919|1909|1989,2013|1304|1305|0504|0405,1410|1014|0710|0714|2007
U0030,2015,4,1982-10-19,1986-09-24,2023-04-08,2015-03-05,WEAK,DEMOGRAPHIC_ANNIVERSARY,1910|1019|8219|1982|8210,2409|8609|1986|8624|0924,0804|2308|0408|2304|2023,1505|0503|0305|1503|2015
U0031,7549,4,1981-07-08,1983-12-14,2020-12-02,2006-06-02,STRONG,,8108|1981|0807|0708|8107,8314|1983|1214|8312|1412,0212|2012|1202|2020|2002,0606|0602|0206|2006
U0032,2612,4,1998-06-07,2002-01-10,2011-06-22,2001-12-26,WEAK,DEMOGRAPHIC_ANNIVERSARY,9807|9806|1998|0607|0706,0201|0210|1001|0110|2002,0622|1106|2206|2011|1122,0126|0112|2612|2001|1226
U0033,3259,4,2003-09-26,2002-07-22,2018-11-28,2000-04-21,STRONG,,0926|2609|0309|0326|2003,2207|0207|0222|0722|2002,1128|1828|2811|2018|1811,0004|2104|0421|0021|2000
U0034,1111,4,1970-03-21,1974-03-24,2015-02-05,2009-01-14,WEAK,COMMON_PATTERN,1970|2103|7003|0321|7021,2403|1974|7403|7424|0324,1502|1505|0502|0205|2015,2009|1401|0114|0901|0914
U0035,0000,4,1996-05-21,1992-06-13,2015-09-21,2005-07-13,WEAK,COMMON_PATTERN,0521|1996|2105|9621|9605,0613|9213|9206|1992|1306,0921|1509|2015|1521|2109,1307|0713|0507|0513|2005
U0036,6430,4,1999-09-14,2003-12-01,2010-04-13,2009-07-13,STRONG,,1409|9909|1999|9914|0914,1201|0301|0112|0312|2003,0413|2010|1013|1304|1004,2009|1307|0713|0913|0907
U0037,5930,4,1970-03-21,1965-03-13,2011-04-22,2008-06-14,STRONG,,1970|2103|7003|0321|7021,6503|1965|1303|6513|0313,1104|0422|1122|2011|2204,1406|0806|0814|2008|0614
U0038,1002,4,1971-02-10,1970-09-05,2016-05-31,2013-04-29,WEAK,DEMOGRAPHIC_SELF,1971|7102|1002|7110|0210,7005|1970|0905|7009|0509,2016|1631|0531|3105|1605,2904|2013|0429|1304|1329
U0039,5654,4,1988-04-13,1990-07-30,2012-04-25,2020-11-27,STRONG,,0413|8804|8813|1304|1988,1990|0730|9030|3007|9007,1204|0425|2012|1225|2504,2027|2711|1127|2011|2020
U0040,1676,4,1990-12-08,1991-09-11,2024-07-12,2009-10-27,STRONG,,1990|1208|0812|9012|9008,0911|1109|9109|1991|9111,1207|2412|2407|0712|2024,2009|0910|0927|2710|1027
U0041,6751,4,1979-02-15,1977-06-16,2017-02-13,2007-01-03,STRONG,,1502|7902|7915|0215|1979,1606|0616|7716|7706|1977,0213|1302|1713|1702|2017,0301|0703|2007|0103|0701
U0042,2487,4,1971-07-24,1975-09-27,2020-10-11,2017-12-06,STRONG,,7124|2407|1971|7107|0724,1975|2709|0927|7527|7509,2010|1110|2011|2020|1011,1706|1206|1712|0612|2017
U0043,7777,4,1991-11-27,1987-08-13,2023-09-30,2016-10-25,WEAK,COMMON_PATTERN,2711|1127|9111|1991|9127,1987|0813|8708|8713|1308,3009|2330|2309|0930|2023,1025|1625|2510|2016|1610
U0044,8510,4,1987-01-16,1992-11-01,2012-10-27,2013-07-21,STRONG,,1987|0116|1601|8716|8701,1992|0111|1101|9211|9201,1210|2012|1227|2710|1027,1307|2107|2013|1321|0721
U0045,0825,4,1991-08-04,1989-08-25,2023-08-18,2002-02-17,WEAK,DEMOGRAPHIC_SPOUSE,0804|9104|0408|9108|1991,8925|2508|0825|8908|1989,2308|2318|1808|2023|0818,1702|0202|0217|2002
U0046,3936,4,1987-04-14,1992-10-10,2012-04-08,2018-06-16,STRONG,,1987|8714|0414|1404|8704,1010|9210|1992,0804|1204|0408|2012|1208,1606|0616|1806|2018|1816
U0047,1111,4,1992-05-07,1995-07-09,2016-08-29,2003-06-26,WEAK,COMMON_PATTERN,9207|0507|1992|0705|9205,9507|1995|9509|0709|0907,0829|2016|2908|1608|1629,0306|0326|0626|2606|2003
U0048,1983,4,1983-08-05,1984-02-10,2018-01-28,2001-05-12,WEAK,DEMOGRAPHIC_SELF,1983|8308|0508|0805|8305,8402|8410|0210|1002|1984,2801|0128|1828|2018|1801,0105|1205|0112|2001|0512
U0049,7746,4,1998-02-14,1997-01-20,2023-03-01,2022-08-19,STRONG,,0214|9814|1998|9802|1402,0120|9720|9701|1997|2001,2023|0301|2303|0103|2301,2219|2208|2022|1908|0819
U0050,2024,4,1970-06-27,1974-06-30,2024-12-13,2002-03-17,WEAK,DEMOGRAPHIC_PET,0627|2706|1970|7006|7027,3006|0630|1974|7406|7430,1213|2412|2413|1312|2024,1703|0317|0203|0217|2002
U0051,2022,4,1980-07-25,1976-02-18,2022-06-02,2023-01-19,WEAK,DEMOGRAPHIC_PET,8007|0725|8025|1980|2507,7618|1976|7602|1802|0218,2206|0602|0206|2022|2202,2319|0119|2301|1901|2023
U0052,1761,4,1997-07-22,1992-06-19,2018-09-04,2016-03-06,STRONG,,2207|9707|9722|1997|0722,1906|9206|0619|9219|1992,0409|0904|1804|2018|1809,1606|0306|2016|1603|0603
U0053,0307,4,1990-07-23,1995-04-05,2013-12-03,2003-07-07,WEAK,DEMOGRAPHIC_ANNIVERSARY,1990|9023|2307|0723|9007,9505|9504|1995|0504|0405,2013|1203|1312|1303|0312,0707|2003|0307
U0054,1111,4,1984-12-07,1989-09-14,2016-12-30,2009-05-18,WEAK,COMMON_PATTERN,1207|8407|0712|8412|1984,1409|8909|8914|0914|1989,1230|1612|3012|2016|1630,2009|0918|0905|1805|0518
U0055,2580,4,2000-04-06,2000-12-27,2023-12-03,2020-10-20,WEAK,COMMON_PATTERN,0004|0006|0406|0604|2000,0012|0027|1227|2712|2000,1203|2312|2303|0312|2023,2010|1020|2020
U0056,8238,4,1979-12-05,1983-07-03,2017-09-21,1997-02-02,STRONG,,1205|7912|0512|1979|7905,1983|8303|0703|8307|0307,1721|1709|0921|2017|2109,9702|0202|1997
U0057,0000,4,1995-07-18,1994-07-08,2013-07-05,2013-06-01,WEAK,COMMON_PATTERN,0718|9507|1995|9518|1807,9407|0807|1994|9408|0708,1307|2013|0507|1305|0705,0601|2013|1301|0106|1306
U0058,1234,4,1973-10-13,1971-02-14,2020-11-16,2015-03-24,WEAK,COMMON_PATTERN,1310|1013|7310|7313|1973,0214|1971|7102|7114|1402,2016|2011|1611|2020|1116,1524|2403|1503|0324|2015
U0059,4015,4,1997-12-28,2002-01-08,2015-04-02,2005-02-11,STRONG,,9712|2812|1997|1228|9728,0208|0108|0201|0801|2002,1504|1502|0402|0204|2015,1102|0211|0511|0502|2005
U0060,1111,4,1980-07-24,1977-12-27,2023-07-24,2022-04-07,WEAK,COMMON_PATTERN,8007|2407|1980|8024|0724,7727|7712|1227|2712|1977,2324|2407|2307|2023|0724,2207|0704|2022|2204|0407
U0061,3539,4,1988-07-18,1991-04-14,2021-11-25,2000-03-24,STRONG,,8818|0718|1807|8807|1988,9104|0414|9114|1404|1991,2021|2511|2111|2125|1125,0024|2403|0003|0324|2000
U0062,0788,4,1995-12-22,1998-01-07,2015-01-22,2021-10-29,STRONG,,9512|9522|1995|2212|1222,9807|0107|1998|0701|9801,0122|1501|2201|1522|2015,2021|2910|2129|1029|2110
U0063,1111,4,1977-01-21,1975-06-14,2021-04-10,2012-12-18,WEAK,COMMON_PATTERN,2101|7721|7701|1977|0121,1406|7506|1975|7514|0614,2021|2104|1004|0410|2110,2012|1812|1218|1212
U0064,6423,4,1974-04-19,1972-05-02,2023-06-09,2020-12-11,STRONG,,7419|7404|1974|1904|0419,0502|7205|0205|1972|7202,0906|0609|2306|2309|2023,1211|2012|1112|2011|2020
U0065,1979,4,1979-10-13,1974-07-25,2013-09-10,2010-10-25,WEAK,DEMOGRAPHIC_SELF,1310|1013|7910|7913|1979,0725|7425|1974|7407|2507,1310|2013|1309|0910|1009,1010|1025|2510|2010
U0066,2047,4,1983-11-01,1981-10-22,2011-11-21,2003-03-20,STRONG,,8311|1983|8301|0111|1101,1981|8122|1022|2210|8110,2111|1121|1111|2011,0320|0303|2003
U0067,0917,4,1970-02-11,1971-06-06,2013-07-03,2019-02-05,STRONG,,1102|7011|1970|0211|7002,7106|0606|1971,1307|2013|1303|0703|0307,1905|2019|0502|1902|0205
U0068,2002,4,1982-12-30,1983-02-20,2024-12-20,2018-05-29,WEAK,DEMOGRAPHIC_SPOUSE,1230|8212|3012|1982|8230,0220|1983|8302|8320|2002,2412|2012|2024|1220|2420,0529|1805|2018|1829|2905
U0069,8260,4,1999-09-17,2000-09-06,2024-04-02,2000-06-30,STRONG,,9917|1709|9909|1999|0917,0009|0006|0906|0609|2000,2404|0204|2024|2402|0402,0006|3006|0630|0030|2000
U0070,2304,4,1978-02-10,1980-04-23,2013-10-22,2011-12-24,WEAK,DEMOGRAPHIC_SPOUSE,7802|1978|7810|1002|0210,8004|8023|0423|1980|2304,1310|2013|1022|2210|1322,2412|1124|1112|1224|2011
U0071,2023,4,1989-02-15,1993-10-23,2023-08-05,2023-08-07,WEAK,"DEMOGRAPHIC_PET,DEMOGRAPHIC_ANNIVERSARY",1502|8902|8915|0215|1989,2310|1993|1023|9310|9323,2308|0508|0805|2305|2023,2308|0807|2307|0708|2023
U0072,1212,4,1990-09-07,1992-09-25,2011-06-17,2004-11-10,WEAK,COMMON_PATTERN,1990|9009|0709|0907|9007,9209|0925|9225|2509|1992,1706|1106|2011|0617|1117,2004|0411|0410|1110|1011
U0073,1982,4,1995-12-23,1995-12-03,2013-04-19,2007-12-27,STRONG,,9512|1995|2312|9523|1223,9512|1203|1995|0312|9503,2013|1304|1904|0419|1319,0727|1227|2712|0712|2007
U0074,8908,4,1989-08-10,1992-04-25,2019-09-12,2002-03-17,WEAK,DEMOGRAPHIC_SELF,0810|1008|8910|8908|1989,9204|0425|9225|1992|2504,2019|0912|1912|1909|1209,1703|0317|0203|0217|2002
U0075,1113,4,1992-06-09,1990-04-12,2010-05-22,1999-11-13,WEAK,DEMOGRAPHIC_ANNIVERSARY,9209|9206|0609|0906|1992,1990|1204|9004|0412|9012,2010|2205|0522|1022|1005,1113|9911|9913|1311|1999
U0076,8106,4,1981-06-30,1978-09-27,2020-01-01,2022-09-29,WEAK,DEMOGRAPHIC_SELF,3006|0630|1981|8106|8130,7809|2709|1978|7827|0927,2020|2001|0101,2229|2909|0929|2022|2209
U0077,2014,4,1996-11-21,2001-06-20,2014-09-05,2018-01-24,WEAK,DEMOGRAPHIC_PET,1996|2111|9611|1121|9621,0120|2006|0620|2001|0106,1409|0905|1405|2014|0509,2018|2401|1801|1824|0124
U0078,1212,4,1980-12-31,1979-03-30,2018-05-17,1997-07-19,WEAK,COMMON_PATTERN,8012|1231|1980|3112|8031,7903|7930|3003|0330|1979,1817|1705|2018|1805|0517,9707|1907|1997|9719|0719
U0079,2683,4,1970-09-08,1967-05-04,2023-06-08,2014-05-26,STRONG,,1970|0809|0908|7009|7008,1967|6704|6705|0504|0405,0806|2308|0608|2306|2023,2605|1426|1405|0526|2014
U0080,2018,4,1982-06-05,1982-05-02,2018-10-21,1995-12-28,WEAK,DEMOGRAPHIC_PET,8206|0506|8205|0605|1982,8202|8205|0502|1982|0205,1821|1021|1810|2018|2110,9512|1995|2812|9528|1228
U0081,4995,4,1977-07-05,1972-10-26,2018-08-15,2019-02-11,STRONG,,7707|7705|0507|0705|1977,7210|1972|2610|1026|7226,1508|0815|1815|2018|1808,1102|2019|0211|1902|1911
U0082,8008,4,1980-08-15,1985-09-06,2012-01-20,2003-02-10,WEAK,DEMOGRAPHIC_SELF,8008|1508|0815|8015|1980,0906|0609|8509|8506|1985,1201|0120|2012|2001|1220,0302|0310|1002|0210|2003
U0083,9430,4,1971-11-18,1974-01-28,2014-03-18,2015-12-23,STRONG,,7111|1971|7118|1118|1811,7428|7401|2801|1974|0128,1418|0318|1403|2014|1803,1523|2312|1512|1223|2015
U0084,1211,4,1985-10-31,1990-10-16,2012-08-01,2015-06-17,STRONG,,1031|3110|8531|8510|1985,1990|1016|9010|1610|9016,1201|0108|2012|0801|1208,1706|1506|1517|0617|2015
U0085,1111,4,2000-01-18,1998-06-22,2010-02-24,1997-06-17,WEAK,COMMON_PATTERN,0001|0118|0018|1801|2000,9822|9806|1998|0622|2206,2010|1002|0224|1024|2402,1706|1997|9706|0617|9717
U0086,1011,4,1980-02-01,1981-10-11,2017-06-23,2016-10-28,WEAK,DEMOGRAPHIC_SPOUSE,0102|0201|1980|8001|8002,1981|1110|8111|8110|1011,1706|0623|1723|2306|2017,2016|1610|1028|2810|1628
U0087,9222,4,1971-01-14,1972-03-07,2022-04-02,2011-12-22,STRONG,,1401|1971|0114|7101|7114,7207|7203|0703|1972|0307,2022|0204|2204|2202|0402,1112|2011|2212|1122|1222
U0088,1105,4,1975-07-23,1976-07-16,2011-05-27,2011-05-15,WEAK,"DEMOGRAPHIC_PET,DEMOGRAPHIC_ANNIVERSARY",1975|7523|7507|2307|0723,1976|1607|7616|7607|0716,1105|0527|2705|1127|2011,1115|0515|1105|1505|2011
U0089,8410,4,1985-09-15,1984-10-16,2016-04-30,1995-10-09,WEAK,DEMOGRAPHIC_SPOUSE,1509|0915|8509|8515|1985,8416|1016|8410|1610|1984,0430|1604|2016|1630|3004,0910|1995|9510|1009|9509
U0090,9878,4,1984-01-18,1989-08-03,2017-10-13,2011-02-22,STRONG,,0118|8401|8418|1801|1984,0308|0803|8903|8908|1989,1310|1013|1713|1710|2017,1102|2011|0222|1122|2202
U0091,7777,4,2003-05-01,2005-02-10,2022-02-20,2009-04-11,WEAK,COMMON_PATTERN,0105|0301|0305|0501|2003,0510|0502|1002|0210|2005,0220|2220|2022|2202|2002,2009|0911|0904|0411|1104
U0092,1311,4,2003-11-13,1998-11-01,2023-04-17,2019-03-03,WEAK,DEMOGRAPHIC_SELF,0311|1113|1311|0313|2003,9811|1998|0111|1101|9801,0417|1704|2304|2317|2023,2019|1903|0303
U0093,1111,4,1977-06-17,1981-05-22,2014-08-31,2009-06-15,WEAK,COMMON_PATTERN,1706|7717|7706|0617|1977,2205|1981|0522|8122|8105,0831|3108|1408|2014|1431,2009|1506|0615|0906|0915
U0094,1234,4,1982-10-29,1981-04-13,2011-03-05,2005-11-02,WEAK,COMMON_PATTERN,1029|2910|8229|1982|8210,0413|1981|8104|1304|8113,1103|1105|0503|0305|2011,1102|0211|0511|0502|2005
U0095,1460,4,1986-04-19,1985-12-26,2011-02-04,2008-12-08,STRONG,,1986|8619|8604|1904|0419,8512|2612|1226|8526|1985,1102|1104|2011|0204|0402,0808|1208|2008|0812
U0096,2805,4,1979-12-06,1977-09-09,2015-07-13,1999-05-28,WEAK,DEMOGRAPHIC_ANNIVERSARY,1206|7912|0612|7906|1979,7709|0909|1977,1307|0713|1507|1513|2015,1999|9905|2805|0528|9928
U0097,9902,4,2001-09-06,1997-09-30,2015-07-07,2015-06-08,STRONG,,0906|0609|2001|0109|0106,9709|3009|1997|0930|9730,1507|0707|2015,0806|1508|1506|0608|2015
U0098,8985,4,1974-03-23,1977-08-20,2017-10-05,2020-06-29,STRONG,,1974|7403|2303|7423|0323,7708|2008|7720|0820|1977,0510|1705|1710|1005|2017,0629|2906|2006|2029|2020
U0099,2611,4,1983-11-26,1984-08-14,2021-11-20,2011-08-09,WEAK,DEMOGRAPHIC_SELF,8311|2611|8326|1983|1126,8414|0814|1408|8408|1984,1120|2021|2111|2011|2120,1108|0809|2011|0908|1109
U0100,1234,4,1979-09-01,1981-02-28,2020-03-03,2006-06-20,WEAK,COMMON_PATTERN,7901|7909|1979|0109|0901,1981|0228|8102|8128|2802,2020|2003|0303,0620|0606|2006
U0101,4025,4,2000-07-04,2000-07-22,2021-04-06,2016-03-05,STRONG,,0007|0004|0704|0407|2000,2207|0007|0022|2000|0722,2021|2106|0406|2104|0604,2016|0503|0305|1605|1603
U0102,8308,4,1983-11-08,1988-12-18,2015-03-10,2014-10-30,WEAK,DEMOGRAPHIC_SELF,8311|1983|8308|1108|0811,8818|1218|1812|8812|1988,0310|1003|1503|1510|2015,1410|3010|1430|2014|1030
U0103,1111,4,1981-12-21,1985-06-13,2010-09-02,1996-04-15,WEAK,COMMON_PATTERN,8121|1981|1221|8112|2112,0613|8513|1306|8506|1985,2010|0902|0209|1002|1009,1504|1996|9615|9604|0415
U0104,8901,4,1989-12-02,1989-01-27,2015-04-12,1999-10-04,WEAK,DEMOGRAPHIC_SPOUSE,0212|8902|8912|1202|1989,8901|0127|8927|2701|1989,1504|1204|1512|0412|2015,0410|1999|9904|1004|9910
U0105,0455,4,1971-10-07,1976-06-22,2012-01-24,2009-12-20,STRONG,,1007|1971|0710|7110|7107,1976|0622|2206|7622|7606,1201|2012|1224|2401|0124,2009|0912|0920|2012|1220
U0106,1053,4,1978-07-27,1976-07-03,2016-03-01,2000-08-15,STRONG,,2707|7807|1978|0727|7827,1976|7607|7603|0703|0307,2016|0301|1601|0103|1603,0015|1508|0815|2000|0008
U0107,2011,4,1990-10-28,1986-04-04,2011-06-16,1998-09-23,WEAK,DEMOGRAPHIC_PET,1990|9010|9028|1028|2810,8604|1986|0404,1606|0616|1106|2011|1116,1998|9823|0923|2309|9809
U0108,3509,4,1986-04-08,1985-01-02,2012-12-26,2017-05-16,STRONG,,0804|1986|0408|8604|8608,0102|0201|8501|8502|1985,2012|2612|1226|1212,0516|1705|1716|1605|2017
U0109,0622,4,1988-06-04,1990-06-08,2017-06-22,2019-05-30,WEAK,DEMOGRAPHIC_PET,8804|0406|0604|8806|1988,1990|0806|0608|9006|9008,1706|0622|1722|2206|2017,1930|1905|2019|3005|0530
U0110,9812,4,1974-05-24,1978-07-25,2023-04-06,1998-09-12,WEAK,DEMOGRAPHIC_ANNIVERSARY,0524|2405|1974|7424|7405,0725|7807|1978|7825|2507,0406|0604|2304|2306|2023,0912|1998|9812|1209|9809
U0111,1111,4,1983-04-11,1981-03-08,2021-08-19,2013-12-26,WEAK,COMMON_PATTERN,8311|1983|8304|0411|1104,8103|0308|8108|1981|0803,2119|2021|1908|0819|2108,1326|2013|2612|1312|1226
U0112,2402,4,1999-09-13,1995-05-22,2024-02-04,2019-01-09,WEAK,DEMOGRAPHIC_PET,0913|9909|1309|9913|1999,9505|2205|9522|0522|1995,2404|0204|2024|2402|0402,1909|2019|1901|0109|0901
U0113,0920,4,1979-12-29,1975-02-27,2018-09-20,2018-10-02,WEAK,DEMOGRAPHIC_PET,7929|2912|7912|1229|1979,1975|0227|7527|7502|2702,2009|0920|2018|1809|1820,1810|0210|1002|2018|1802
U0114,7355,4,1985-07-20,1986-02-06,2013-11-02,1996-03-19,STRONG,,0720|8520|8507|2007|1985,1986|8606|0602|0206|8602,1102|1302|0211|2013|1311,1996|0319|9619|1903|9603
U0115,6580,4,1983-12-30,1986-12-24,2012-08-04,2021-12-28,STRONG,,1230|8330|3012|1983|8312,8612|1986|2412|1224|8624,0804|1204|0408|2012|1208,2021|2812|2112|1228|2128
U0116,1002,4,1975-11-08,1978-10-25,2019-10-02,2007-10-30,WEAK,DEMOGRAPHIC_PET,1975|7511|7508|1108|0811,1025|2510|1978|7810|7825,2019|0210|1002|1910|1902,3010|0710|0730|2007|1030
U0117,2512,4,1994-04-10,1993-08-31,2015-06-15,2012-03-05,STRONG,,9404|9410|1004|0410|1994,0831|3108|1993|9331|9308,0615|1506|1515|2015,1203|1205|2012|0503|0305
U0118,0615,4,1977-06-15,1979-11-13,2017-11-16,2022-12-14,WEAK,DEMOGRAPHIC_SELF,1506|7706|0615|7715|1977,1113|7911|1311|7913|1979,1116|1716|1611|1711|2017,1214|2214|1412|2022|2212
U0119,1996,4,1996-01-19,1996-05-03,2024-10-22,2000-08-01,WEAK,"DEMOGRAPHIC_SELF,DEMOGRAPHIC_SPOUSE",9601|1996|1901|9619|0119,1996|0503|9605|0305|9603,2422|2410|1022|2210|2024,0001|0108|0801|2000|0008
U0120,8311,4,1983-11-24,1986-08-21,2010-08-08,2010-12-27,WEAK,DEMOGRAPHIC_SELF,8311|1983|2411|1124|8324,0821|1986|8621|2108|8608,2010|1008|0808,2010|1227|2712|1012|1027
U0121,6250,4,1986-12-06,1988-11-12,2013-08-01,2004-01-11,STRONG,,8612|1986|8606|1206|0612,8811|1112|8812|1211|1988,0108|2013|0801|1301|1308,2004|0401|0411|0111|1101
U0122,1403,4,2001-06-25,1998-08-26,2018-03-14,2019-04-08,WEAK,DEMOGRAPHIC_PET,0125|0625|2506|2001|0106,0826|1998|2608|9826|9808,2018|1403|0314|1814|1803,0804|2019|0408|1904|1908
U0123,2010,4,1990-05-03,1986-11-19,2024-10-01,2010-12-10,WEAK,DEMOGRAPHIC_ANNIVERSARY,1990|9005|0503|0305|9003,1986|8619|8611|1119|1911,2410|1001|2401|2024|0110,2010|1012|1210|1010
U0124,6779,4,1999-02-23,1994-08-29,2024-06-05,2010-11-19,STRONG,,9923|2302|0223|1999|9902,0829|1994|9429|2908|9408,0506|0605|2405|2024|2406,2010|1011|1019|1119|1911
U0125,1234,4,1984-01-07,1985-07-09,2018-06-08,2019-04-20,WEAK,COMMON_PATTERN,0107|8401|8407|0701|1984,8507|8509|0709|0907|1985,0806|1806|0608|2018|1808,0420|2004|2019|1920|1904
U0126,4782,4,1987-12-16,1985-04-17,2022-04-02,1997-08-09,STRONG,,1612|1216|8712|1987|8716,0417|1704|8517|8504|1985,2022|0204|2204|2202|0402,9708|9709|0809|1997|0908
U0127,7111,4,1973-10-09,1971-11-15,2024-12-18,2015-04-07,WEAK,DEMOGRAPHIC_SPOUSE,0910|7310|7309|1973|1009,7111|1511|1115|1971|7115,1218|2412|1812|2024|2418,1504|0704|1507|0407|2015
U0128,8890,4,1998-02-20,1998-10-27,2022-10-17,2012-07-19,STRONG,,0220|1998|9802|9820|2002,9827|1998|2710|9810|1027,2022|1017|2210|2217|1710,1207|1907|1219|2012|0719
U0129,6070,4,1972-02-09,1977-10-17,2013-07-30,2005-06-09,STRONG,,0902|7209|0209|1972|7202,7717|7710|1017|1710|1977,1307|2013|1330|0730|3007,0506|0906|0609|0509|2005
U0130,9611,4,1986-05-22,1985-05-16,2012-07-21,1996-11-10,WEAK,DEMOGRAPHIC_ANNIVERSARY,2205|8622|1986|0522|8605,0516|8516|1605|8505|1985,1207|2107|1221|2012|0721,9610|1996|9611|1110|1011
U0131,1986,4,1986-02-11,1982-04-23,2014-06-16,2019-11-10,WEAK,DEMOGRAPHIC_SELF,1102|1986|0211|8611|8602,8204|0423|2304|8223|1982,1406|1606|1416|0616|2014,2019|1910|1110|1011|1911
U0132,6109,4,1997-01-16,1999-07-05,2010-08-16,2019-05-01,STRONG,,0116|9701|9716|1601|1997,9907|0507|1999|9905|0705,2010|1016|1008|0816|1608,1905|2019|0105|1901|0501
U0133,3873,4,1973-09-22,1972-06-26,2016-10-03,2018-09-11,STRONG,,7322|0922|1973|7309|2209,7206|0626|2606|1972|7226,0310|2016|1610|1003|1603,0911|2018|1809|1811|1109
U0134,1234,4,1986-05-18,1985-09-21,2020-10-21,2007-07-06,WEAK,COMMON_PATTERN,1986|8618|1805|0518|8605,1985|0921|8509|8521|2109,2010|2021|1021|2110|2020,2007|0607|0707|0706
U0135,8628,4,1991-04-18,1986-09-28,2011-06-08,2003-08-06,WEAK,DEMOGRAPHIC_SPOUSE,9104|1804|9118|0418|1991,2809|0928|8609|1986|8628,0806|1108|0608|1106|2011,0308|0806|0306|0608|2003
U0136,1675,4,1992-03-07,1990-02-20,2018-10-19,2010-04-24,STRONG,,9207|0703|1992|9203|0307,0220|1990|9020|9002|2002,1810|1910|2018|1019|1819,2010|0424|1004|2404|1024
U0137,7777,4,1995-10-22,1992-02-22,2023-01-03,2022-10-10,WEAK,COMMON_PATTERN,9522|1995|1022|2210|9510,9202|1992|9222|0222|2202,0301|2301|2303|0103|2023,1010|2210|2022
U0138,7001,4,1984-10-20,1980-06-06,2011-12-17,2016-03-29,STRONG,,2010|8410|8420|1020|1984,8006|0606|1980,1217|1112|1712|2011|1117,2016|2903|0329|1603|1629
U0139,9529,4,1995-03-20,1995-07-29,2023-11-23,2023-01-07,WEAK,DEMOGRAPHIC_SPOUSE,9520|1995|0320|9503|2003,2907|9507|1995|0729|9529,2311|1123|2023|2323,0107|2301|2307|0701|2023
U0140,2580,4,1972-06-08,1975-11-06,2019-03-21,2016-10-03,WEAK,COMMON_PATTERN,7206|0806|0608|7208|1972,1975|7506|0611|7511|1106,2103|2019|1921|1903|0321,0310|2016|1610|1003|1603
U0141,2019,4,1976-09-30,1972-01-03,2019-07-26,2009-09-07,WEAK,DEMOGRAPHIC_PET,7609|1976|3009|7630|0930,7201|7203|0301|0103|1972,0726|2019|1907|2607|1926,2009|0909|0709|0907
U0142,0314,4,1992-05-31,1994-01-31,2024-03-14,2012-06-07,WEAK,DEMOGRAPHIC_PET,0531|1992|3105|9205|9231,0131|3101|1994|9401|9431,2403|2414|1403|0314|2024,1207|1206|2012|0607|0706
U0143,7574,4,1984-11-04,1979-01-01,2017-12-19,2006-07-06,STRONG,,0411|1104|8411|8404|1984,7901|1979|0101,1219|1912|1712|1719|2017,0607|0606|0706|2006
U0144,9164,4,1999-06-29,1997-11-25,2019-05-01,2006-02-24,STRONG,,0629|2906|9929|1999|9906,2511|9725|1997|9711|1125,1905|2019|0105|1901|0501,2006|0602|0224|0624|2402
U0145,9718,4,1994-09-28,1997-02-18,2014-07-15,2005-07-12,WEAK,DEMOGRAPHIC_SPOUSE,0928|2809|9409|1994|9428,9702|9718|1802|1997|0218,1407|1415|0715|1507|2014,1207|0507|0712|0512|2005
U0146,1212,4,1985-03-04,1988-12-19,2024-01-28,2012-11-29,WEAK,COMMON_PATTERN,0403|8504|8503|0304|1985,1219|1912|8812|8819|1988,2801|0128|2428|2401|2024,2012|1129|1229|2911|1211
U0147,1208,4,1992-10-27,1987-10-23,2011-07-03,2001-12-13,STRONG,,9227|9210|2710|1992|1027,2310|1987|8723|1023|8710,1107|1103|0703|2011|0307,1213|0112|1312|2001|0113
U0148,7506,4,1980-09-15,1975-06-06,2019-06-04,2016-03-05,WEAK,DEMOGRAPHIC_SPOUSE,8009|8015|1509|1980|0915,7506|1975|0606,1906|2019|0406|0604|1904,2016|0503|0305|1605|1603
U0149,8016,4,1988-07-21,1992-08-17,2024-03-21,2012-12-30,STRONG,,2107|0721|8807|8821|1988,0817|1708|1992|9217|9208,2403|2103|0321|2024|2421,1230|3012|1212|2012
U0150,8015,4,1977-04-02,1979-03-26,2024-03-20,2005-09-28,STRONG,,7702|0204|1977|7704|0402,7903|7926|0326|2603|1979,2403|2024|0320|2420|2003,0928|2809|0528|0509|2005
U0151,5146,4,1973-02-15,1973-07-24,2012-11-10,2005-05-29,STRONG,,7302|1502|1973|7315|0215,7324|2407|1973|7307|0724,1210|2012|1110|1211|1011,0505|0529|2005|2905
U0152,7608,4,1976-08-09,1976-06-25,2016-11-06,1998-10-07,WEAK,DEMOGRAPHIC_SELF,7608|7609|1976|0809|0908,1976|0625|2506|7606|7625,1606|0611|2016|1106|1611,9807|1007|1998|0710|9810
U0153,7298,4,1993-02-27,1996-11-12,2010-08-25,1995-12-17,STRONG,,9327|1993|0227|9302|2702,1996|9611|1112|9612|1211,1025|2010|1008|2508|0825,9517|1217|9512|1995|1712
U0154,0924,4,1975-09-05,1979-02-02,2012-02-02,2007-09-24,WEAK,DEMOGRAPHIC_ANNIVERSARY,1975|0905|7505|0509|7509,1979|7902|0202,2012|1202|0202,0724|2409|2007|0924|0709
U0155,7309,4,1973-05-09,1970-10-26,2012-05-18,2018-09-04,WEAK,DEMOGRAPHIC_SELF,0905|7305|1973|7309|0509,1970|7026|2610|7010|1026,1218|1205|2012|1805|0518,0409|0904|1804|2018|1809
U0156,7349,4,1988-09-04,1985-10-13,2011-05-04,2001-09-10,STRONG,,8804|0409|0904|8809|1988,1310|1013|8513|8510|1985,1105|1104|2011|0504|0405,0910|2001|0109|1009|0110
U0157,2008,4,1975-02-08,1974-10-11,2024-08-18,2008-02-25,WEAK,DEMOGRAPHIC_ANNIVERSARY,0208|1975|7508|0802|7502,7410|1974|7411|1110|1011,2408|1808|2024|2418|0818,2008|0825|0802|2502|0225
U0158,1110,4,1974-09-18,1979-10-07,2010-10-11,1995-06-18,WEAK,DEMOGRAPHIC_PET,7409|7418|0918|1974|1809,1007|7907|0710|7910|1979,1010|1110|1011|2010,1806|1995|9518|0618|9506
U0159,1169,4,1988-03-12,1987-07-10,2024-07-28,2002-05-11,STRONG,,8803|1203|8812|0312|1988,8707|1007|1987|0710|8710,0728|2807|2407|2428|2024,0211|1105|0511|0205|2002
U0160,7903,4,1972-09-24,1968-03-03,2010-12-02,2014-11-03,STRONG,,2409|7209|7224|1972|0924,1968|6803|0303,2010|0212|1002|1202|1012,0311|1103|1403|2014|1411
U0161,0612,4,1978-12-01,1982-05-22,2021-12-06,2015-02-01,WEAK,DEMOGRAPHIC_PET,1201|7812|1978|0112|7801,2205|0522|8205|8222|1982,2021|2106|1206|0612|2112,0102|1502|0201|1501|2015
U0162,0000,4,1991-11-28,1994-08-02,2018-08-05,2002-05-09,WEAK,COMMON_PATTERN,1128|2811|9111|1991|9128,0208|1994|0802|9408|9402,0508|0805|2018|1805|1808,0209|0905|0205|0509|2002
U0163,0404,4,1971-02-01,1974-07-16,2019-06-26,2000-04-04,WEAK,DEMOGRAPHIC_ANNIVERSARY,0102|0201|1971|7102|7101,1607|1974|7416|0716|7407,1906|2019|0626|2606|1926,0004|2000|0404
U0164,0024,4,1977-03-06,1978-02-19,2019-11-28,2021-09-16,STRONG,,0306|7706|7703|1977|0603,7802|1978|7819|0219|1902,1128|2019|1928|2811|1911,0916|1609|2021|2109|2116
U0165,8903,4,1981-08-11,1986-11-12,2022-08-08,2023-11-20,STRONG,,1981|8108|1108|0811|8111,8612|1986|1112|8611|1211,0808|2022|2208,1120|2320|2011|2311|2023
U0166,7453,4,1995-11-19,1991-03-12,2012-08-11,2022-06-20,STRONG,,9511|9519|1995|1119|1911,1203|9103|9112|0312|1991,1108|0811|2012|1208|1211,2220|2006|2206|0620|2022
U0167,0304,4,1973-10-10,1969-10-30,2015-03-04,2003-11-25,WEAK,DEMOGRAPHIC_PET,7310|1973|1010,1969|3010|6930|6910|1030,1504|0403|1503|0304|2015,0311|2511|0325|2003|1125
U0168,2411,4,1974-06-20,1973-07-08,2024-08-11,2011-08-30,WEAK,DEMOGRAPHIC_PET,7420|2006|1974|0620|7406,7308|0807|1973|7307|0708,2411|1108|0811|2408|2024,1130|0830|1108|3008|2011
U0169,9611,4,1996-11-21,1995-04-26,2015-04-26,2010-09-15,WEAK,DEMOGRAPHIC_SELF,1996|2111|9611|1121|9621,0426|1995|9504|9526|2604,1504|0426|1526|2604|2015,2010|1509|1015|0915|1009
U0170,2580,4,1972-07-22,1967-04-26,2017-06-25,2013-05-24,WEAK,COMMON_PATTERN,2207|7207|7222|1972|0722,0426|1967|6704|6726|2604,0625|1706|2506|1725|2017,0524|2013|2405|1305|1324
U0171,8827,4,1990-06-20,1988-03-27,2013-07-07,2009-06-29,WEAK,DEMOGRAPHIC_SPOUSE,1990|9020|2006|9006|0620,8803|8827|2703|0327|1988,2013|1307|0707,0629|2906|2009|0929|0906
U0172,1111,4,1981-12-26,1981-05-26,2023-02-20,1997-06-03,WEAK,COMMON_PATTERN,8126|1981|8112|2612|1226,2605|8126|1981|8105|0526,0220|2320|2302|2023|2002,0306|1997|9706|9703|0603
U0173,4117,4,1973-09-12,1968-10-16,2012-12-03,2006-12-24,STRONG,,0912|1973|7312|7309|1209,1968|1016|6810|6816|1610,2012|1203|1212|0312,2006|2412|1224|0612|0624
U0174,6159,4,1995-06-22,1999-11-11,2014-10-06,2006-05-08,STRONG,,9522|0622|1995|2206|9506,1999|1111|9911,1410|1006|1406|0610|2014,2006|0605|0508|0805|0608
U0175,2014,4,1991-03-27,1995-08-27,2014-03-02,2020-01-16,WEAK,DEMOGRAPHIC_PET,2703|9103|0327|1991|9127,2708|9527|9508|1995|0827,0302|1403|2014|0203|1402,0116|2016|1601|2001|2020
U0176,1212,4,1974-08-31,1970-07-17,2021-07-31,1999-06-27,WEAK,COMMON_PATTERN,0831|3108|7431|1974|7408,1707|1970|0717|7007|7017,2021|2107|2131|0731|3107,0627|2706|9927|1999|9906
U0177,8753,4,1975-02-19,1977-09-30,2013-03-02,2005-03-13,STRONG,,1975|7519|7502|0219|1902,7709|7730|3009|0930|1977,0302|1302|2013|1303|0203,0503|1303|0513|2005|0313
U0178,1501,4,1985-04-17,1983-01-15,2020-11-02,1999-05-23,WEAK,DEMOGRAPHIC_SPOUSE,0417|1704|8517|8504|1985,8315|1983|8301|1501|0115,1102|0211|2011|2020|2002,0523|9923|2305|1999|9905
U0179,5226,4,1994-10-14,1990-03-24,2012-02-17,2008-10-06,STRONG,,1410|1014|9410|1994|9414,1990|2403|9024|0324|9003,1217|2012|1202|1702|0217,1006|0806|0810|2008|0610
U0180,7905,4,1979-05-04,1974-04-03,2011-07-10,1995-11-06,WEAK,DEMOGRAPHIC_SELF,7904|0504|1979|0405|7905,7404|1974|7403|0403|0304,1107|1007|0710|1110|2011,0611|9511|1995|1106|9506
U0181,7697,4,1972-01-23,1969-11-23,2016-03-11,2023-01-01,STRONG,,7201|0123|7223|1972|2301,1969|6923|6911|2311|1123,0311|1103|2016|1611|1603,2023|2301|0101
U0182,2580,4,1975-01-20,1975-07-16,2015-06-29,1995-08-23,WEAK,COMMON_PATTERN,1975|0120|7520|2001|7501,1975|1607|7507|7516|0716,0629|2906|1506|1529|2015,9508|2308|0823|1995|9523
U0183,1234,4,1999-05-16,1996-05-30,2022-05-14,1995-11-16,WEAK,COMMON_PATTERN,0516|1999|9905|9916|1605,1996|3005|9605|0530|9630,2205|0514|1405|2214|2022,9511|1995|9516|1611|1116
U0184,1105,4,1990-05-17,1991-08-15,2011-05-18,2004-01-12,WEAK,DEMOGRAPHIC_PET,1990|1705|9005|9017|0517,1508|9115|0815|9108|1991,1105|1805|1118|2011|0518,1201|2004|0401|0112|0412
U0185,7517,4,1971-09-30,1968-01-20,2010-10-26,2004-09-09,STRONG,,1971|3009|7109|7130|0930,1968|0120|6801|6820|2001,1010|1026|2610|2010,0909|0409|2004
U0186,2311,4,2001-11-23,2006-12-25,2021-11-11,1998-12-13,WEAK,DEMOGRAPHIC_SELF,0123|2001|0111|2311|1123,2006|0625|2512|0612|1225,2111|1111|2021,1213|1998|9813|1312|9812
U0187,8362,4,2001-07-08,2005-06-26,2013-11-17,2001-06-14,STRONG,,0108|0107|0807|2001|0708,0506|0526|0626|2606|2005,1317|2013|1311|1711|1117,1406|0114|2001|0106|0614
U0188,6944,4,1972-03-18,1975-06-23,2016-07-01,2016-05-03,STRONG,,7203|0318|7218|1972|1803,7506|1975|7523|0623|2306,0107|1607|2016|1601|0701,2016|0503|0305|1605|1603
U0189,1212,4,1989-07-01,1990-04-09,2011-07-29,2011-11-22,WEAK,COMMON_PATTERN,8907|8901|0107|0701|1989,1990|0409|0904|9004|9009,2907|1107|0729|2011|1129,2211|1122|1111|2011
U0190,4501,4,1977-04-01,1978-01-07,2013-08-20,2013-08-27,STRONG,,7701|0401|0104|1977|7704,0107|7807|1978|7801|0701,1320|2013|2008|0820|1308,2708|1327|2013|1308|0827
U0191,0320,4,1993-05-11,1996-03-20,2022-02-21,1998-05-11,WEAK,DEMOGRAPHIC_SPOUSE,9305|1105|0511|1993|9311,9620|1996|0320|9603|2003,2102|0221|2022|2221|2202,9805|9811|0511|1998|1105
U0192,1430,4,1984-05-18,1984-07-28,2011-07-28,1999-01-17,STRONG,,8405|1805|8418|0518|1984,0728|2807|8407|8428|1984,1128|1107|0728|2807|2011,9917|1701|0117|9901|1999
U0193,8218,4,1980-04-21,1982-11-18,2010-11-23,2003-10-16,WEAK,DEMOGRAPHIC_SPOUSE,8021|8004|2104|0421|1980,8211|8218|1118|1982|1811,2010|1023|2311|1123|1011,1016|0310|0316|1610|2003
U0194,1304,4,1976-06-03,1971-11-08,2018-01-22,2014-04-13,WEAK,DEMOGRAPHIC_ANNIVERSARY,0306|1976|7603|7606|0603,7111|1108|1971|0811|7108,0122|1822|2018|1801|2201,0413|1413|1304|1404|2014
U0195,1789,4,1987-08-21,1990-10-02,2017-02-08,2002-01-24,STRONG,,0821|1987|8708|8721|2108,1990|9010|0210|1002|9002,0208|1708|0802|1702|2017,0201|0224|2401|0124|2002
U0196,7777,4,1973-01-28,1970-04-30,2014-04-24,2002-09-13,WEAK,COMMON_PATTERN,2801|0128|1973|7301|7328,7030|0430|1970|7004|3004,0424|1424|1404|2404|2014,0213|0913|1309|0209|2002
U0197,2799,4,2002-07-11,2003-09-11,2021-06-08,2019-05-11,STRONG,,1107|0211|0711|0207|2002,0311|0911|0309|1109|2003,0806|2021|2106|0608|2108,1905|2019|1105|0511|1911
U0198,0000,4,1972-01-29,1970-03-25,2014-01-09,2008-11-29,WEAK,COMMON_PATTERN,7201|0129|2901|7229|1972,1970|0325|7003|7025|2503,1409|1401|2014|0109|0901,0829|0811|2008|1129|2911
U0199,0000,4,1979-02-08,1976-03-04,2018-05-23,2006-07-12,WEAK,COMMON_PATTERN,0208|7902|0802|7908|1979,1976|7604|7603|0403|0304,0523|2305|2018|1805|1823,1207|2006|0612|0712|0607
U0200,2002,4,2003-03-02,2008-07-28,2016-04-23,2002-03-23,WEAK,DEMOGRAPHIC_ANNIVERSARY,0302|0203|0303|2003,0728|2807|0807|0828|2008,1604|2016|1623|0423|2304,0203|0223|2303|0323|2002
U0201,1226,4,1981-12-26,1977-01-16,2014-03-28,2003-11-03,WEAK,DEMOGRAPHIC_SELF,8126|1981|8112|2612|1226,7701|7716|0116|1601|1977,2803|0328|1403|2014|1428,0311|1103|2003|0303
U0202,0604,4,1979-01-30,1978-09-08,2010-06-04,1995-02-12,WEAK,DEMOGRAPHIC_PET,7901|0130|7930|3001|1979,7809|7808|1978|0809|0908,2010|1006|0406|1004|0604,0212|9512|1995|1202|9502
U0203,1212,4,1976-03-23,1980-05-21,2017-01-03,2016-01-01,WEAK,COMMON_PATTERN,1976|7603|2303|7623|0323,8005|0521|8021|2105|1980,1703|1701|0301|0103|2017,1601|2016|0101
U0204,0714,4,1985-03-22,1980-06-26,2024-06-21,2016-07-14,WEAK,DEMOGRAPHIC_ANNIVERSARY,2203|8522|8503|0322|1985,8026|8006|1980|0626|2606,2106|0621|2024|2406|2421,1407|1607|2016|1614|0714
U0205,5780,4,1996-12-13,1992-12-31,2013-05-12,2008-04-07,STRONG,,1213|1996|9612|1312|9613,9212|1231|3112|1992|9231,2013|1205|1305|1312|0512,0804|0807|2008|0704|0407
U0206,1111,4,1993-06-07,1988-09-16,2012-12-04,2013-11-24,WEAK,COMMON_PATTERN,1993|9306|9307|0607|0706,0916|1609|8816|8809|1988,2012|0412|1212|1204,2013|2411|1124|1311|1324
U0207,1122,4,1990-11-22,1994-12-28,2013-03-12,2001-05-30,WEAK,DEMOGRAPHIC_SELF,9011|1990|9022|1122|2211,2812|1994|9412|1228|9428,2013|1203|1312|1303|0312,0130|0105|3005|2001|0530
U0208,1995,4,1995-12-18,1997-03-03,2012-10-07,1996-03-19,WEAK,DEMOGRAPHIC_SELF,1218|9512|1995|9518|1812,1997|9703|0303,1007|1207|1210|0710|2012,1996|0319|9619|1903|9603
U0209,8910,4,1994-10-05,1994-09-04,2016-08-10,2021-01-19,STRONG,,9405|0510|9410|1994|1005,0409|9404|0904|9409|1994,0810|1008|2016|1610|1608,2101|2119|2021|1901|0119
U0210,9093,4,1970-05-11,1972-09-28,2015-04-28,2001-06-29,STRONG,,7005|7011|1970|1105|0511,0928|2809|7228|7209|1972,1504|1528|0428|2804|2015,0129|0629|2906|2001|0106
U0211,2010,4,1991-06-13,1989-02-26,2024-01-06,2010-08-13,WEAK,DEMOGRAPHIC_ANNIVERSARY,9106|0613|9113|1306|1991,8902|2602|8926|0226|1989,0601|2401|2024|0106|2406,2010|1013|0813|1008|1308
U0212,4442,4,2003-02-12,2003-02-06,2013-03-25,2022-08-16,STRONG,,0302|0212|1202|0312|2003,0302|0306|0602|0206|2003,1325|2013|0325|1303|2503,2208|0816|2216|2022|1608
U0213,2580,4,1974-07-18,1976-05-14,2011-07-09,2021-12-07,WEAK,COMMON_PATTERN,0718|7418|1807|1974|7407,1976|0514|1405|7614|7605,1107|2011|0709|1109|0907,1207|2021|2107|2112|0712
U0214,0228,4,1977-11-13,1979-04-29,2012-02-15,2014-02-28,WEAK,DEMOGRAPHIC_ANNIVERSARY,1113|7711|1977|1311|7713,7929|7904|2904|0429|1979,1502|2012|1202|1215|0215,0228|2802|2014|1428|1402
U0215,2874,4,1971-10-15,1972-01-01,2020-06-12,2014-12-24,STRONG,,1971|7115|7110|1015|1510,7201|1972|0101,2006|1206|2012|0612|2020,2412|1424|1224|1412|2014
U0216,7777,4,1987-01-22,1985-08-01,2024-08-18,1996-06-29,WEAK,COMMON_PATTERN,1987|0122|8722|8701|2201,0108|8501|8508|0801|1985,2408|1808|2024|2418|0818,0629|2906|1996|9606|9629
U0217,9717,4,1981-09-01,1978-12-16,2018-02-01,1998-02-07,STRONG,,1981|8109|8101|0109|0901,1612|1216|7812|1978|7816,0102|0201|2018|1802|1801,9807|1998|0702|9802|0207
U0218,1985,4,1985-11-01,1983-04-09,2014-12-26,2013-08-03,WEAK,DEMOGRAPHIC_SELF,8511|8501|0111|1101|1985,0409|1983|8304|0904|8309,1426|2612|1412|2014|1226,0308|2013|0803|1303|1308
U0219,1212,4,1972-11-17,1977-02-16,2024-12-09,1998-07-31,WEAK,COMMON_PATTERN,7211|7217|1711|1972|1117,1602|7716|7702|0216|1977,2409|2412|0912|2024|1209,9807|1998|9831|0731|3107
U0220,4155,4,1999-11-08,1994-11-03,2020-12-09,2015-04-14,STRONG,,1108|0811|9911|1999|9908,0311|1103|1994|9403|9411,2009|0912|2012|2020|1209,1504|1514|0414|1404|2015
U0221,1107,4,1989-07-11,1989-05-05,2022-06-03,2020-05-22,WEAK,DEMOGRAPHIC_SELF,1107|8907|8911|0711|1989,0505|8905|1989,0306|2203|2206|2022|0603,2205|0522|2022|2005|2020
U0222,1234,4,2002-03-12,1997-09-01,2023-08-23,1999-03-11,WEAK,COMMON_PATTERN,0212|1203|0312|0203|2002,9709|9701|1997|0109|0901,0823|2023|2323|2308,0311|1103|9911|1999|9903
U0223,1212,4,1983-10-31,1987-10-14,2012-04-03,2006-05-28,WEAK,COMMON_PATTERN,1031|1983|3110|8331|8310,1410|8714|1987|1014|8710,1204|1203|2012|0403|0304,2006|0605|2805|0528|0628
U0224,1695,4,1978-11-11,1977-02-01,2022-09-29,2003-02-14,STRONG,,7811|1978|1111,0102|7701|0201|7702|1977,2229|2909|0929|2022|2209,0302|0214|0314|2003|1402
U0225,7776,4,1984-12-09,1986-11-04,2020-07-15,2019-04-04,STRONG,,0912|8409|8412|1209|1984,1986|0411|1104|8604|8611,0715|1507|2007|2020|2015,2019|1904|0404
U0226,3878,4,1986-07-17,1982-04-25,2024-05-09,2016-04-21,STRONG,,1707|0717|8607|1986|8617,8204|0425|8225|1982|2504,2409|2405|0509|0905|2024,1621|2016|1604|2104|0421
U0227,1610,4,1974-04-28,1973-10-06,2016-12-10,2000-07-10,WEAK,DEMOGRAPHIC_PET,7428|7404|1974|0428|2804,1006|7310|1973|0610|7306,1612|1210|2016|1610|1012,0007|1007|0010|0710|2000
U0228,7041,4,1973-06-29,1978-06-29,2011-12-22,2005-12-01,STRONG,,0629|2906|1973|7306|7329,0629|2906|1978|7829|7806,1112|2011|2212|1122|1222,1201|0112|0512|0501|2005
U0229,1234,4,2003-11-22,2007-09-26,2022-02-16,2005-06-29,WEAK,COMMON_PATTERN,0311|2211|1122|0322|2003,0726|0926|2609|2007|0709,1602|2022|0216|2202|2216,0629|2906|0506|0529|2005
U0230,2580,4,1978-12-31,1981-08-02,2020-04-14,2002-02-26,WEAK,COMMON_PATTERN,7812|7831|1231|1978|3112,0208|1981|8108|8102|0802,2004|0414|1404|2014|2020,0226|0202|2602|2002
U0231,1212,4,1975-11-21,1971-06-09,2016-03-20,2009-02-12,WEAK,COMMON_PATTERN,7521|1975|7511|2111|1121,1971|7106|0609|0906|7109,2016|0320|2003|1620|1603,2009|0902|0212|0912|1202
U0232,5113,4,1979-02-07,1980-05-26,2022-06-04,2015-03-02,STRONG,,7902|7907|0702|0207|1979,8026|8005|2605|0526|1980,0406|2206|0604|2022|2204,0302|1502|1503|0203|2015
U0233,2015,4,1999-02-04,1995-04-16,2015-10-09,2003-12-12,WEAK,DEMOGRAPHIC_PET,1999|9904|0204|9902|0402,0416|1995|1604|9516|9504,0910|1509|1510|1009|2015,0312|1212|2003
U0234,0717,4,1979-12-23,1982-07-17,2023-07-07,2020-07-17,WEAK,"DEMOGRAPHIC_SPOUSE,DEMOGRAPHIC_ANNIVERSARY",7923|2312|7912|1223|1979,1707|8217|0717|1982|8207,2023|0707|2307,1707|0717|2007|2020|2017
U0235,1983,4,1981-05-11,1983-05-04,2024-12-27,2022-12-09,WEAK,DEMOGRAPHIC_SPOUSE,1105|0511|1981|8105|8111,1983|8304|8305|0504|0405,2412|2427|1227|2712|2024,0912|2022|2212|1209|2209
U0236,1995,4,1999-02-02,1996-01-27,2014-01-07,1995-05-22,WEAK,DEMOGRAPHIC_ANNIVERSARY,1999|9902|0202,9627|0127|9601|1996|2701,0107|1407|1401|2014|0701,9505|2205|9522|0522|1995
U0237,2209,4,1989-01-02,1994-01-23,2015-06-09,2022-09-29,WEAK,DEMOGRAPHIC_ANNIVERSARY,8901|0102|8902|0201|1989,1994|0123|9423|9401|2301,1506|0906|0609|1509|2015,2229|2909|0929|2022|2209
U0238,5002,4,1991-05-07,1995-05-06,2021-03-08,2014-01-02,STRONG,,9105|9107|0507|0705|1991,9505|0506|0605|1995|9506,0308|2021|2103|0803|2108,0102|1401|0201|2014|1402
U0239,1912,4,1977-10-11,1978-12-19,2013-12-18,2022-03-18,WEAK,DEMOGRAPHIC_SPOUSE,7711|1977|7710|1110|1011,7812|1978|1219|1912|7819,1218|2013|1318|1812|1312,0318|2218|2203|2022|1803
U0240,1975,4,1976-06-04,1975-01-25,2019-06-06,1996-12-25,WEAK,DEMOGRAPHIC_SPOUSE,1976|0406|7604|0604|7606,0125|1975|7525|2501|7501,1906|0606|2019,1996|2512|9625|9612|1225
U0241,0806,4,1991-09-23,1990-02-01,2015-06-08,2014-05-17,WEAK,DEMOGRAPHIC_PET,9123|0923|2309|9109|1991,1990|0102|0201|9002|9001,0806|1508|1506|0608|2015,1417|1705|1405|0517|2014
U0242,0504,4,2001-05-25,2005-02-04,2020-11-27,2001-12-13,WEAK,DEMOGRAPHIC_SPOUSE,0125|0105|2505|2001|0525,0502|0504|0204|2005|0402,2027|2711|1127|2011|2020,1213|0112|1312|2001|0113
U0243,1711,4,1972-06-05,1967-02-19,2018-01-19,2017-11-17,WEAK,DEMOGRAPHIC_ANNIVERSARY,7206|0506|0605|7205|1972,1967|6719|6702|0219|1902,2018|1901|1801|1819|0119,1711|1717|2017|1117
U0244,7777,4,1990-04-05,1989-11-18,2011-10-30,2004-04-08,WEAK,COMMON_PATTERN,1990|9004|9005|0504|0405,8918|8911|1118|1989|1811,1130|3010|1110|2011|1030,0804|0408|2004|0404
U0245,3004,4,1995-04-30,1990-11-02,2024-06-30,1998-05-24,WEAK,DEMOGRAPHIC_SELF,0430|1995|3004|9504|9530,9011|1102|1990|0211|9002,3006|2430|0630|2024|2406,9805|0524|1998|2405|9824
U0246,1986,4,1986-05-10,1988-11-21,2013-06-11,2015-04-10,WEAK,DEMOGRAPHIC_SELF,0510|1986|8610|1005|8605,2111|8811|1121|8821|1988,0611|2013|1311|1106|1306,1504|1004|0410|1510|2015
U0247,8601,4,1986-07-01,1983-03-02,2013-11-30,1999-03-28,WEAK,DEMOGRAPHIC_SELF,8601|0107|8607|1986|0701,0302|1983|8303|8302|0203,1130|2013|1330|1311|3011,1999|2803|0328|9928|9903
U0248,2404,4,1985-05-10,1981-04-24,2014-08-26,2019-07-10,WEAK,DEMOGRAPHIC_SPOUSE,0510|8510|1005|8505|1985,1981|8104|0424|8124|2404,0826|1408|1426|2608|2014,1007|2019|1907|0710|1910
U0249,3872,4,1982-07-25,1987-06-15,2019-07-13,1999-10-13,STRONG,,0725|8225|1982|2507|8207,8706|1987|1506|0615|8715,1913|1307|0713|2019|1907,1310|1013|9913|1999|9910
U0250,8705,4,1987-01-05,1991-03-09,2019-08-17,2012-03-28,WEAK,DEMOGRAPHIC_SELF,1987|0105|8705|8701|0501,0309|9103|0903|9109|1991,0817|1708|2019|1908|1917,1203|2012|2803|0328|1228
U0251,0000,4,1996-08-21,1993-10-23,2013-10-10,2013-06-05,WEAK,COMMON_PATTERN,0821|1996|9621|9608|2108,2310|1993|1023|9310|9323,1010|1310|2013,2013|0506|0605|1305|1306
U0252,9910,4,2001-12-02,2005-06-06,2016-09-09,1999-05-10,WEAK,DEMOGRAPHIC_ANNIVERSARY,0102|0212|0112|1202|2001,0506|0606|2005,2016|1609|0909,0510|9910|1999|9905|1005
U0253,8781,4,1997-09-07,1995-07-01,2020-12-08,2008-02-17,STRONG,,9707|9709|1997|0709|0907,9501|0107|9507|1995|0701,2008|2012|1208|0812|2020,0817|2008|0802|1702|0217
U0254,2403,4,1983-02-19,1982-07-09,2019-06-17,2019-11-22,STRONG,,1983|8302|8319|0219|1902,8209|1982|0709|0907|8207,1906|2019|1706|0617|1917,2019|1922|1122|2211|1911
U0255,7910,4,1991-02-24,1996-04-20,2011-10-14,2001-12-06,STRONG,,9102|9124|0224|1991|2402,9620|0420|2004|1996|9604,1410|1014|1110|2011|1114,1206|0112|0612|2001|0106
U0256,0216,4,1979-02-16,1981-08-24,2015-05-05,2013-08-27,WEAK,DEMOGRAPHIC_SELF,1602|7916|7902|0216|1979,1981|8108|8124|2408|0824,1505|0505|2015,2708|1327|2013|1308|0827
U0257,1873,4,1983-07-10,1987-03-23,2024-01-10,2004-12-01,STRONG,,1007|1983|0710|8310|8307,1987|8723|2303|0323|8703,2410|1001|2401|2024|0110,1201|2004|0401|0112|0412
U0258,9854,4,1991-09-29,1993-08-16,2022-07-19,2023-06-16,STRONG,,2909|9129|0929|9109|1991,9316|1608|1993|0816|9308,2207|2219|1907|2022|0719,1606|0616|2306|2316|2023
U0259,7609,4,1974-04-19,1976-09-12,2019-08-06,1999-11-21,WEAK,DEMOGRAPHIC_SPOUSE,7419|7404|1974|1904|0419,7609|1976|7612|0912|1209,1906|0806|2019|0608|1908,9921|2111|9911|1999|1121
U0260,2110,4,1982-10-27,1980-02-25,2014-03-11,2009-10-21,WEAK,DEMOGRAPHIC_ANNIVERSARY,8227|2710|1982|8210|1027,8025|1980|2502|0225|8002,0311|1103|1403|2014|1411,2009|0910|1021|0921|2110
U0261,1185,4,1998-11-15,2002-01-10,2021-10-13,2017-10-05,STRONG,,1511|1115|9811|1998|9815,0201|0210|1001|0110|2002,1310|2021|1013|2113|2110,0510|1705|1710|1005|2017
U0262,2004,4,1988-02-13,1986-03-01,2018-10-19,2004-10-26,WEAK,DEMOGRAPHIC_ANNIVERSARY,0213|1302|8802|8813|1988,8601|1986|8603|0301|0103,1810|1910|2018|1019|1819,0426|2004|0410|2610|1026
U0263,1111,4,2000-04-21,2002-05-12,2017-08-19,2022-06-06,WEAK,COMMON_PATTERN,0004|2104|0421|0021|2000,0212|1205|0512|0205|2002,1708|1908|0819|1719|2017,2206|0606|2022
U0264,1689,4,2001-05-01,1999-06-10,2017-10-11,2019-05-11,STRONG,,0101|0501|2001|0105,1006|1999|0610|9910|9906,1011|1110|1711|1710|2017,1905|2019|1105|0511|1911
U0265,1999,4,1972-04-25,1968-11-28,2020-06-08,1999-05-08,WEAK,DEMOGRAPHIC_ANNIVERSARY,7225|0425|1972|7204|2504,1128|1968|2811|6811|6828,0806|2006|0608|2008|2020,0508|0805|1999|9905|9908
U0266,8140,4,1971-02-02,1968-09-20,2010-08-02,2017-04-13,STRONG,,1971|0202|7102,1968|2009|6820|0920|6809,2010|0208|1008|1002|0802,0413|1704|1304|1713|2017
U0267,1234,4,1984-04-30,1981-11-11,2018-02-26,2020-07-11,WEAK,COMMON_PATTERN,8430|0430|3004|8404|1984,8111|1111|1981,2602|1826|1802|0226|2018,1107|0711|2011|2007|2020
U0268,1212,4,1986-01-24,1984-02-03,2022-02-07,1995-04-11,WEAK,COMMON_PATTERN,8601|1986|2401|8624|0124,0302|8402|8403|0203|1984,2207|0702|0207|2022|2202,9511|1995|0411|1104|9504
U0269,1212,4,2003-09-04,2004-11-03,2020-05-25,2017-04-14,WEAK,COMMON_PATTERN,0409|0904|0309|2003|0304,0311|2004|1103|0411|0403,2505|2020|2025|2005|0525,1714|1704|0414|1404|2017
U0270,7900,4,1971-12-15,1969-10-29,2013-06-27,2018-10-07,STRONG,,1971|7115|1512|1215|7112,1969|2910|6910|1029|6929,0627|2706|1327|2013|1306,1007|1807|0710|1810|2018
U0271,1227,4,2001-10-07,1999-09-26,2020-12-27,2023-10-22,WEAK,DEMOGRAPHIC_PET,1007|0107|0710|2001|0110,9909|0926|2609|9926|1999,2027|2012|1227|2712|2020,2310|2322|1022|2210|2023
U0272,2464,4,1973-06-26,1973-01-04,2011-12-29,2016-04-19,STRONG,,7326|1973|7306|0626|2606,7304|0401|0104|1973|7301,2912|1112|1129|2011|1229,2016|1604|1619|1904|0419
U0273,2580,4,1981-09-14,1984-08-01,2019-06-29,2005-08-24,WEAK,COMMON_PATTERN,8114|1409|1981|8109|0914,0108|8408|8401|0801|1984,1906|0629|2906|2019|1929,0524|0508|0824|2408|2005
U0274,6066,4,1970-06-18,1972-02-01,2017-07-03,2001-05-18,STRONG,,1970|7018|1806|7006|0618,7201|0102|0201|1972|7202,1707|1703|0703|2017|0307,0118|0105|2001|1805|0518
U0275,1603,4,1979-02-02,1980-09-28,2016-03-24,1997-12-11,WEAK,DEMOGRAPHIC_PET,1979|7902|0202,0928|2809|8009|8028|1980,2403|2016|1624|0324|1603,9712|1112|1997|9711|1211
U0276,9152,4,1981-10-13,1986-12-01,2012-07-10,2011-08-10,STRONG,,1310|1981|1013|8113|8110,8612|1201|8601|1986|0112,1007|1207|1210|0710|2012,0810|1108|1008|1110|2011
U0277,8603,4,1986-03-06,1987-08-18,2017-05-07,1999-10-07,WEAK,DEMOGRAPHIC_SELF,0306|1986|8606|8603|0603,8718|1987|8708|1808|0818,1707|1705|0507|0705|2017,1007|9907|0710|1999|9910
U0278,0905,4,1971-11-06,1968-05-09,2014-11-22,2003-10-29,WEAK,DEMOGRAPHIC_SPOUSE,7111|0611|1971|1106|7106,1968|6805|0905|6809|0509,1422|2014|1122|2211|1411,1029|0310|2910|0329|2003
U0279,0186,4,1994-12-18,1994-05-27,2017-02-18,1996-03-23,STRONG,,1218|9418|1994|1812|9412,9405|2705|0527|1994|9427,1802|1718|1702|0218|2017,1996|2303|9623|9603|0323
U0280,8924,4,1993-06-28,1989-09-24,2012-05-19,2005-02-19,WEAK,DEMOGRAPHIC_SPOUSE,2806|1993|9306|0628|9328,2409|8909|8924|0924|1989,1905|1219|1205|0519|2012,0502|0519|0219|1902|2005
U0281,1111,4,1976-04-03,1971-04-01,2019-04-11,2000-08-26,WEAK,COMMON_PATTERN,1976|7604|7603|0403|0304,1971|0401|7104|0104|7101,2019|0411|1104|1904|1911,0826|0026|2608|2000|0008
U0282,9703,4,1991-07-28,1992-04-28,2015-06-27,1997-03-13,WEAK,DEMOGRAPHIC_ANNIVERSARY,0728|2807|9107|1991|9128,9204|9228|1992|0428|2804,0627|2706|1506|1527|2015,9713|1303|1997|9703|0313
U0283,2000,4,2000-02-16,2001-08-26,2012-01-13,2004-08-16,WEAK,DEMOGRAPHIC_SELF,1602|0016|0216|2000|0002,0108|0826|0126|2608|2001,1201|1213|2012|1301|0113,2004|0416|0408|0816|1608
U0284,1307,4,1999-03-12,1997-07-29,2021-09-22,2013-07-02,WEAK,DEMOGRAPHIC_ANNIVERSARY,1203|1999|0312|9912|9903,2907|9729|9707|0729|1997,2021|0922|2109|2122|2209,1302|1307|2013|0702|0207
U0285,1371,4,1979-12-09,1982-07-07,2022-07-03,1997-12-02,STRONG,,0912|7909|7912|1979|1209,1982|0707|8207,2207|2203|0703|2022|0307,9712|0212|9702|1202|1997
U0286,7777,4,1992-03-28,1995-01-24,2013-04-20,2003-09-18,WEAK,COMMON_PATTERN,9228|2803|0328|1992|9203,9501|1995|9524|2401|0124,0420|2004|1320|2013|1304,0318|0918|0309|1809|2003
U0287,0564,4,1971-01-11,1972-03-20,2024-07-30,2021-08-02,STRONG,,7111|1971|7101|0111|1101,7203|0320|7220|1972|2003,2430|2407|0730|3007|2024,0208|2021|0802|2102|2108
U0288,3929,4,1971-10-08,1974-11-08,2012-01-27,2018-06-15,STRONG,,0810|1008|1971|7110|7108,1108|0811|1974|7408|7411,1201|0127|2012|1227|2701,1806|1815|1506|0615|2018
U0289,4987,4,2002-03-25,2006-04-21,2016-03-01,2006-06-30,STRONG,,0325|2002|0225|0203|2503,2006|2104|0421|0604|0621,2016|0301|1601|0103|1603,0606|3006|0630|2006
U0290,1805,4,1977-04-28,1972-07-21,2018-05-27,2003-04-06,WEAK,DEMOGRAPHIC_PET,7728|2804|0428|1977|7704,7207|2107|7221|1972|0721,2705|0527|2018|1805|1827,0306|0406|0604|2003|0304
U0291,0319,4,1990-02-02,1992-08-04,2019-04-02,2017-06-08,STRONG,,1990|9002|0202,9204|0804|0408|1992|9208,2019|1904|1902|0204|0402,1708|0806|1706|0608|2017
U0292,1971,4,1973-04-11,1971-12-21,2013-04-27,2006-12-13,WEAK,DEMOGRAPHIC_SPOUSE,7304|0411|1104|1973|7311,1221|1971|7121|2112|7112,1327|2013|0427|1304|2704,1213|2006|0613|1312|0612
U0293,7777,4,1998-01-06,2000-08-19,2011-11-03,2022-05-20,WEAK,COMMON_PATTERN,0601|1998|9806|0106|9801,0019|1908|0819|2000|0008,0311|1111|2011|1103,2220|2205|0520|2022|2005
U0294,5632,4,1989-09-17,1987-06-10,2015-03-13,2000-09-19,STRONG,,8909|8917|1709|0917|1989,1006|8706|1987|0610|8710,1303|1503|1513|0313|2015,0009|0919|0019|1909|2000
U0295,3481,4,2002-11-06,2003-10-05,2014-10-10,2021-05-22,STRONG,,0611|0211|1106|0206|2002,0510|0310|0305|1005|2003,1410|1010|2014,2205|2021|0522|2105|2122
U0296,2004,4,1975-07-09,1975-10-18,2019-04-29,2004-12-20,WEAK,DEMOGRAPHIC_ANNIVERSARY,1975|7507|0709|0907|7509,1975|7518|1018|1810|7510,2019|2904|0429|1929|1904,0420|2004|2012|0412|1220
U0297,0212,4,2002-03-13,2002-06-12,2010-03-10,2008-09-04,WEAK,DEMOGRAPHIC_SPOUSE,0213|1303|0203|0313|2002,0212|1206|0612|0206|2002,2010|1003|1010|0310,0804|0409|0809|0904|2008
U0298,7278,4,1996-01-25,1998-09-14,2017-05-05,2000-06-14,STRONG,,0125|2501|9601|1996|9625,1409|9814|1998|0914|9809,0505|1705|2017,1406|0006|0014|0614|2000
U0299,7401,4,1974-01-25,1976-05-08,2010-05-30,2022-05-16,WEAK,DEMOGRAPHIC_SELF,0125|7401|2501|7425|1974,7608|1976|0508|0805|7605,2010|3005|0530|1005|1030,2205|0516|2022|1605|2216
U0300,0125,4,1999-04-08,2003-05-23,2010-07-27,2004-01-04,STRONG,,0804|0408|9904|9908|1999,0523|2305|0305|0323|2003,2010|2707|1007|0727|1027,2004|0401|0104|0404
U0301,2014,4,2001-07-09,1998-06-14,2017-10-13,2014-03-30,WEAK,DEMOGRAPHIC_ANNIVERSARY,0107|2001|0109|0709|0907,1406|9814|9806|1998|0614,1310|1013|1713|1710|2017,3003|1403|1430|2014|0330
U0302,8078,4,1976-07-30,1977-05-09,2019-01-25,2009-06-12,STRONG,,1976|0730|7607|7630|3007,7709|7705|0905|0509|1977,0125|2019|2501|1901|1925,2009|0912|1206|0906|0612
U0303,4870,4,1977-05-19,1973-01-02,2013-06-24,2012-05-11,STRONG,,1905|7705|0519|7719|1977,0102|0201|1973|7302|7301,2013|1324|0624|1306|2406,1105|0511|1205|2012|1211
U0304,9811,4,2003-06-03,1998-06-11,2023-01-05,1998-01-29,WEAK,DEMOGRAPHIC_SPOUSE,0303|0306|2003|0603,0611|9811|9806|1998|1106,0105|2305|2301|0501|2023,0129|2901|1998|9801|9829
U0305,7777,4,1978-07-25,1982-12-11,2013-08-14,2017-08-02,WEAK,COMMON_PATTERN,0725|7807|1978|7825|2507,8212|8211|1112|1982|1211,1314|1408|0814|2013|1308,1708|0208|0802|1702|2017
U0306,6030,4,1982-08-08,1986-03-24,2012-12-15,1997-10-25,STRONG,,8208|0808|1982,2403|1986|8603|0324|8624,2012|1215|1512|1212,1025|9710|2510|9725|1997
U0307,0000,4,1982-04-23,1978-06-26,2015-01-12,2005-06-13,WEAK,COMMON_PATTERN,8204|0423|2304|8223|1982,7826|1978|0626|2606|7806,1201|1501|0112|1512|2015,0506|0613|0513|1306|2005
U0308,5620,4,1976-06-14,1976-11-07,2011-01-01,2010-07-08,STRONG,,1406|1976|7614|7606|0614,1107|7611|1976|7607|0711,2011|1101|0101,2010|1007|1008|0807|0708
U0309,0829,4,1995-07-05,1994-08-29,2022-08-21,1999-03-14,WEAK,DEMOGRAPHIC_SPOUSE,9505|9507|1995|0507|0705,0829|1994|9429|2908|9408,0821|2208|2022|2221|2108,1999|9914|1403|0314|9903
U0310,9819,4,1998-05-19,2003-12-03,2018-06-14,1995-10-14,WEAK,DEMOGRAPHIC_SELF,9805|1905|9819|1998|0519,0312|2003|0303|1203,1406|1806|2018|1814|0614,1410|9514|1014|1995|9510
U0311,1103,4,1995-09-08,1991-04-16,2011-12-03,2007-03-26,WEAK,DEMOGRAPHIC_PET,9508|0809|1995|0908|9509,9116|0416|9104|1604|1991,1103|1203|1112|2011|0312,0726|2603|0326|0703|2007
U0312,1234,4,1989-12-04,1992-09-14,2010-06-17,1999-09-25,WEAK,COMMON_PATTERN,1204|8912|8904|0412|1989,1409|9209|9214|1992|0914,2010|1006|1706|1017|0617,9909|0925|1999|9925|2509
U0313,2540,4,1975-04-09,1973-03-29,2015-04-16,2020-05-24,STRONG,,1975|0409|7504|0904|7509,2903|1973|7303|0329|7329,1504|0416|1516|1604|2015,0524|2020|2405|2024|2005
U0314,1234,4,1988-02-04,1988-12-27,2019-04-30,2022-01-22,WEAK,COMMON_PATTERN,8804|8802|1988|0204|0402,8827|1227|2712|8812|1988,0430|1930|2019|1904|3004,2201|2222|0122|2022
U0315,8502,4,1981-10-28,1985-02-05,2013-05-28,2005-05-01,WEAK,DEMOGRAPHIC_SPOUSE,1981|8128|1028|8110|2810,0205|0502|8502|8505|1985,2013|2805|1305|1328|0528,0505|0501|2005|0105
U0316,4014,4,1990-03-01,1987-12-26,2022-02-10,2021-03-17,STRONG,,1990|0301|9001|0103|9003,8712|1987|2612|8726|1226,1002|0210|2210|2022|2202,1703|2021|2103|0317|2117
U0317,2108,4,1997-02-09,2002-12-10,2020-08-21,1998-09-08,WEAK,DEMOGRAPHIC_PET,0902|9709|9702|0209|1997,0212|1210|0210|1012|2002,0821|2021|2108|2008|2020,1998|0809|0908|9808|9809
U0318,1234,4,1993-08-23,1991-10-20,2010-03-06,2018-08-26,WEAK,COMMON_PATTERN,2308|0823|1993|9308|9323,2010|9120|9110|1020|1991,2010|1006|0306|1003|0603,0826|1826|2018|2608|1808
U0319,6258,4,1970-11-04,1975-03-05,2019-09-03,2011-04-03,STRONG,,7011|1970|0411|1104|7004,1975|0503|0305|7505|7503,2019|0309|1903|1909|0903,1103|1104|0403|2011|0304
U0320,4007,4,1983-02-26,1987-04-13,2016-08-03,2017-09-28,STRONG,,8326|1983|2602|8302|0226,0413|1987|1304|8713|8704,0308|2016|0803|1608|1603,0928|2809|1709|1728|2017
U0321,0322,4,1977-04-12,1973-06-08,2017-03-22,2021-04-17,WEAK,DEMOGRAPHIC_PET,1204|7712|0412|1977|7704,0806|7308|0608|1973|7306,1703|2203|1722|0322|2017,2021|0417|1704|2104|2117
U0322,6346,4,1975-01-18,1977-11-03,2018-08-17,2011-10-25,STRONG,,1975|0118|7518|1801|7501,0311|1103|7711|7703|1977,0817|1708|1817|2018|1808,1025|2510|1110|2011|1125
U0323,2012,4,1997-07-03,2000-07-09,2012-02-11,2002-02-14,WEAK,DEMOGRAPHIC_PET,9707|1997|0703|9703|0307,0009|0007|0709|0907|2000,1102|0211|2012|1202|1211,0214|0202|1402|2002
U0324,3250,4,1974-06-13,1974-02-21,2013-07-31,1995-02-01,STRONG,,0613|1974|1306|7413|7406,7402|7421|1974|2102|0221,1307|1331|2013|0731|3107,9501|0102|0201|1995|9502
U0325,0262,4,1972-07-29,1976-06-30,2023-12-08,1997-12-11,STRONG,,2907|7207|7229|0729|1972,3006|1976|0630|7630|7606,2308|2312|1208|0812|2023,9712|1112|1997|9711|1211
U0326,3162,4,1982-04-23,1983-01-30,2022-10-12,2003-05-18,STRONG,,8204|0423|2304|8223|1982,0130|8330|1983|8301|3001,1210|2022|2210|2212|1012,0318|0305|1805|0518|2003
U0327,9092,4,2002-10-26,2007-07-08,2018-10-09,2011-08-17,STRONG,,0210|0226|2610|1026|2002,2007|0708|0707|0807,0910|1810|2018|1809|1009,1708|0817|1108|2011|1117
U0328,2133,4,1970-04-10,1967-11-07,2013-10-30,1995-02-08,STRONG,,1970|0410|1004|7004|7010,1107|1967|6707|0711|6711,1310|3010|1330|2013|1030,0208|9508|1995|9502|0802
U0329,9065,4,1992-11-03,1991-05-04,2018-07-21,2009-07-22,STRONG,,0311|1103|9211|1992|9203,9104|9105|0504|0405|1991,2107|1821|1807|2018|0721,2207|2009|0922|0907|0722
U0330,5491,4,1994-05-07,1990-02-19,2017-11-21,2014-03-27,STRONG,,9405|9407|0507|1994|0705,1990|9019|9002|0219|1902,1721|2111|1121|1711|2017,2703|1403|2014|0327|1427
U0331,1234,4,1987-11-07,1989-02-20,2021-07-15,2005-01-05,WEAK,COMMON_PATTERN,1107|8707|1987|8711|0711,0220|8920|8902|1989|2002,2021|2115|2107|0715|1507,0505|0501|2005|0105
U0332,0000,4,1990-04-06,1992-05-15,2013-10-24,2004-05-04,WEAK,COMMON_PATTERN,1990|0406|9004|9006|0604,9215|0515|1505|1992|9205,1310|2013|2410|1324|1024,2004|0405|0504|0404
U0333,1212,4,1976-01-07,1971-08-23,2023-05-13,1995-12-06,WEAK,COMMON_PATTERN,7601|0107|1976|7607|0701,2308|0823|1971|7123|7108,2313|2305|1305|0513|2023,9512|1206|1995|0612|9506
U0334,2323,4,1986-05-15,1981-07-15,2023-10-23,2017-03-25,WEAK,DEMOGRAPHIC_PET,8615|0515|1986|1505|8605,1981|0715|1507|8115|8107,2310|1023|2023|2323,1703|0325|1725|2017|2503
U0335,2798,4,1991-02-04,1993-01-16,2014-04-10,2005-01-25,STRONG,,9102|9104|0204|1991|0402,9316|0116|1993|1601|9301,1410|0410|1004|1404|2014,0125|2501|0525|0501|2005
U0336,2861,4,1988-07-13,1986-01-03,2023-04-28,2023-10-21,STRONG,,1307|0713|8813|8807|1988,8601|1986|8603|0301|0103,2304|0428|2023|2804|2328,2310|2321|1021|2110|2023
U0337,1341,4,1981-03-26,1984-10-28,2015-03-17,1997-11-12,STRONG,,8103|8126|1981|0326|2603,8410|1028|2810|8428|1984,1703|0317|1517|1503|2015,9712|1112|1997|9711|1211
U0338,8303,4,1973-12-27,1976-07-07,2016-05-18,2020-10-11,STRONG,,1227|1973|7327|2712|7312,7607|0707|1976,1618|2016|1805|0518|1605,2010|1110|2011|2020|1011
U0339,0815,4,2002-07-07,2000-09-20,2023-08-15,2008-07-17,WEAK,DEMOGRAPHIC_PET,0207|0707|2002,0009|2009|0920|0020|2000,1508|2315|0815|2308|2023,1707|0817|0717|0807|2008
U0340,1212,4,1993-01-01,1992-06-22,2017-08-24,2001-10-22,WEAK,COMMON_PATTERN,1993|9301|0101,0622|2206|9206|1992|9222,1708|1724|0824|2408|2017,1022|0122|2001|2210|0110
U0341,7777,4,1989-09-15,1991-05-08,2010-03-26,2015-12-06,WEAK,COMMON_PATTERN,8909|8915|1509|0915|1989,9105|0508|0805|9108|1991,2010|1003|0326|2603|1026,1206|1506|1512|0612|2015
U0342,6004,4,1975-01-09,1980-09-11,2018-12-01,2019-09-26,STRONG,,1975|0109|0901|7501|7509,0911|8009|1980|1109|8011,1201|0112|1812|2018|1801,2019|0926|2609|1909|1926
U0343,0329,4,1978-10-21,1976-11-01,2011-03-29,1999-03-19,WEAK,DEMOGRAPHIC_PET,7821|1978|7810|1021|2110,7601|7611|1976|0111|1101,1103|2903|1129|2011|0329,9919|0319|1999|1903|9903
U0344,1111,4,1979-10-27,1978-12-29,2022-04-20,2001-10-07,WEAK,COMMON_PATTERN,7927|7910|2710|1979|1027,7812|2912|1978|7829|1229,0420|2220|2004|2022|2204,1007|0107|0710|2001|0110
U0345,7777,4,1993-04-01,1996-08-15,2016-02-22,2018-05-15,WEAK,COMMON_PATTERN,1993|0401|0104|9301|9304,1508|0815|1996|9608|9615,1602|1622|2016|0222|2202,0515|1505|1815|2018|1805
U0346,2304,4,1989-06-17,1992-12-15,2023-08-04,2015-06-10,WEAK,DEMOGRAPHIC_PET,8906|8917|1706|0617|1989,9215|9212|1512|1215|1992,0804|2308|0408|2304|2023,1006|1506|0610|1510|2015
U0347,7777,4,2002-03-14,2002-10-31,2022-08-28,1999-06-08,WEAK,COMMON_PATTERN,0214|1403|0314|0203|2002,1031|3110|0210|0231|2002,2208|2808|0828|2228|2022,0806|0608|1999|9908|9906
U0348,0757,4,1994-10-18,1998-05-19,2020-07-04,1999-02-11,STRONG,,9418|9410|1018|1810|1994,9805|1905|9819|1998|0519,2004|0704|0407|2007|2020,1102|0211|9911|1999|9902
U0349,0670,4,1988-01-15,1992-10-13,2017-01-02,2004-10-10,STRONG,,8801|1501|0115|8815|1988,1310|9210|1013|9213|1992,0102|1701|0201|1702|2017,1010|2004|0410
U0350,0732,4,1970-05-13,1966-10-09,2018-05-28,2022-08-12,STRONG,,7005|1970|1305|0513|7013,6609|0910|6610|1966|1009,2805|1828|0528|1805|2018,2208|2022|1208|0812|2212
U0351,2005,4,2003-11-13,2005-03-17,2021-07-13,2007-11-28,WEAK,DEMOGRAPHIC_SPOUSE,0311|1113|1311|0313|2003,1703|0317|0503|0517|2005,1307|2021|0713|2107|2113,1128|0728|2811|0711|2007
U0352,1234,4,1970-02-15,1971-09-17,2010-08-10,2011-02-07,WEAK,COMMON_PATTERN,7015|1970|1502|0215|7002,1709|1971|7117|7109|0917,2010|1008|1010|0810,1107|1102|0702|0207|2011
U0353,2004,4,1972-04-20,1969-08-29,2014-07-18,2004-12-15,WEAK,"DEMOGRAPHIC_SELF,DEMOGRAPHIC_ANNIVERSARY",0420|2004|7204|7220|1972,1969|0829|6908|2908|6929,1418|0718|1407|1807|2014,2004|1512|1215|0412|0415
U0354,0723,4,1983-02-03,1983-12-10,2013-07-23,2006-12-19,WEAK,DEMOGRAPHIC_PET,0302|1983|8302|8303|0203,1983|1210|8312|1012|8310,1307|2013|1323|2307|0723,2006|1219|1912|0619|0612
U0355,2013,4,1972-08-18,1976-12-06,2013-09-11,2012-05-20,WEAK,DEMOGRAPHIC_PET,7218|7208|1808|1972|0818,1976|7612|1206|0612|7606,0911|2013|1309|1311|1109,1205|2012|0520|1220|2005
U0356,0209,4,1997-05-21,1996-02-09,2021-04-17,2002-01-16,WEAK,DEMOGRAPHIC_SPOUSE,9705|0521|2105|1997|9721,9602|0902|1996|0209|9609,2021|0417|1704|2104|2117,0116|0201|1601|0216|2002
U0357,8079,4,1987-06-06,1989-01-29,2018-01-18,2022-01-23,STRONG,,0606|8706|1987,0129|8901|2901|8929|1989,1818|2018|0118|1801,2301|0123|2022|2201|2223
U0358,1006,4,1992-11-16,1988-09-13,2010-03-06,2004-11-11,WEAK,DEMOGRAPHIC_PET,9211|1992|1611|1116|9216,0913|1309|8813|8809|1988,2010|1006|0306|1003|0603,2004|0411|1111
U0359,8799,4,1981-10-21,1980-02-05,2020-02-24,2019-01-24,STRONG,,8121|1981|1021|2110|8110,8005|0502|1980|0205|8002,0224|2024|2020|2402|2002,2019|1901|2401|1924|0124
U0360,1150,4,1996-04-12,1996-06-20,2016-03-31,1995-06-06,STRONG,,1204|1996|9612|0412|9604,9620|2006|1996|9606|0620,3103|2016|1631|0331|1603,0606|1995|9506
U0361,0000,4,1972-01-28,1975-03-26,2023-01-07,1997-02-19,WEAK,COMMON_PATTERN,7201|7228|2801|0128|1972,1975|0326|2603|7503|7526,0107|2301|2307|0701|2023,9702|1997|0219|1902|9719
U0362,5509,4,1988-09-04,1991-11-29,2012-11-05,2010-08-19,STRONG,,8804|0409|0904|8809|1988,9129|1129|2911|1991|9111,1105|0511|1205|2012|1211,2010|1008|1019|1908|0819
U0363,0807,4,1985-07-08,1989-07-05,2019-01-19,1995-07-16,WEAK,DEMOGRAPHIC_SELF,8507|0807|8508|0708|1985,8907|8905|0507|0705|1989,1919|0119|1901|2019,9507|1607|1995|9516|0716
U0364,2580,4,1980-07-04,1985-09-13,2017-08-12,2000-08-14,WEAK,COMMON_PATTERN,8007|8004|0704|1980|0407,0913|1309|8513|8509|1985,1708|1712|1208|0812|2017,1408|0814|0014|2000|0008
U0365,2819,4,2001-02-20,2006-07-28,2012-12-17,2023-01-12,STRONG,,0220|0120|0102|2001|2002,0728|2006|2807|0628|0607,2012|1712|1212|1217,1201|2312|0112|2301|2023
U0366,1212,4,1986-07-20,1989-10-01,2016-12-14,2019-01-16,WEAK,COMMON_PATTERN,0720|8607|1986|2007|8620,8901|1001|8910|1989|0110,1612|2016|1214|1614|1412,2019|0116|1601|1916|1901
U0367,2310,4,1985-08-29,1986-08-04,2017-12-24,2023-10-06,WEAK,DEMOGRAPHIC_ANNIVERSARY,0829|8508|8529|2908|1985,0804|1986|0408|8604|8608,1724|2412|1224|1712|2017,2310|1006|0610|2306|2023
U0368,1801,4,1987-01-18,1989-07-17,2017-09-26,2003-03-12,WEAK,DEMOGRAPHIC_SELF,8718|0118|1987|1801|8701,1707|8907|0717|8917|1989,1709|0926|2609|1726|2017,0312|0303|2003|1203
U0369,9210,4,1988-01-01,1992-10-16,2012-04-01,2002-11-29,WEAK,DEMOGRAPHIC_SPOUSE,1988|8801|0101,1016|9210|1610|1992|9216,1201|1204|0401|0104|2012,0211|1129|2911|0229|2002
U0370,1975,4,1972-07-08,1975-07-23,2021-10-17,2002-12-31,WEAK,DEMOGRAPHIC_SPOUSE,7207|0807|7208|1972|0708,1975|7523|7507|2307|0723,2021|1710|1017|2110|2117,0212|1231|0231|3112|2002
U0371,4064,4,1986-02-24,1983-04-20,2020-04-27,2021-10-26,STRONG,,1986|0224|8624|8602|2402,0420|2004|1983|8304|8320,2027|2004|0427|2704|2020,2021|2126|2610|2110|1026
U0372,1223,4,1990-07-31,1995-10-04,2021-02-03,2004-12-23,WEAK,DEMOGRAPHIC_ANNIVERSARY,1990|9031|0731|3107|9007,1995|0410|1004|9510|9504,0302|2021|2103|2102|0203,2004|2312|0423|0412|1223
U0373,1111,4,1996-10-09,1991-02-14,2018-11-29,2000-08-09,WEAK,COMMON_PATTERN,9610|0910|1996|9609|1009,0214|9102|9114|1991|1402,1829|2018|1129|2911|1811,0009|0809|0908|2000|0008
U0374,8506,4,1981-01-03,1985-06-29,2011-03-17,2017-10-18,WEAK,DEMOGRAPHIC_SPOUSE,8103|1981|0301|8101|0103,0629|2906|8529|8506|1985,1703|1103|0317|2011|1117,1018|1710|1810|1718|2017
U0375,0000,4,2003-03-23,1999-04-16,2017-09-02,2018-05-03,WEAK,COMMON_PATTERN,2303|0323|0303|2003,0416|1604|9904|1999|9916,0902|1709|0209|1702|2017,0503|2018|0305|1805|1803
U0376,9901,4,1999-02-20,1999-04-01,2010-03-22,2014-10-09,WEAK,DEMOGRAPHIC_SPOUSE,0220|9920|1999|9902|2002,0401|0104|9901|9904|1999,2010|2203|1022|1003|0322,1410|1409|0910|2014|1009
U0377,9710,4,2002-07-19,2005-08-05,2013-09-26,1997-10-21,WEAK,DEMOGRAPHIC_ANNIVERSARY,1907|0207|0219|0719|2002,2005|0508|0805|0505,1326|2013|1309|0926|2609,9710|1021|1997|9721|2110
U0378,1212,4,2003-06-27,2003-01-17,2017-05-16,2016-06-11,WEAK,COMMON_PATTERN,0627|2706|0306|0327|2003,1701|0317|0117|0301|2003,0516|1705|1716|1605|2017,1606|0611|2016|1106|1611
U0379,0027,4,1992-09-11,1994-12-30,2019-05-07,2006-04-04,STRONG,,0911|9209|9211|1992|1109,1230|3012|1994|9412|9430,1905|1907|2019|0507|0705,0604|2006|0404
U0380,5560,4,1988-03-19,1992-03-12,2018-08-02,2013-01-11,STRONG,,8803|0319|1903|8819|1988,9212|1203|1992|9203|0312,0208|0802|2018|1802|1808,2013|1311|0111|1101|1301
U0381,1987,4,1986-10-02,1987-10-21,2010-09-25,2018-03-07,WEAK,DEMOGRAPHIC_SPOUSE,1986|0210|1002|8610|8602,1987|8721|1021|2110|8710,2010|1025|0925|2509|1009,1807|2018|0703|0307|1803
U0382,1212,4,2002-11-12,2002-02-03,2022-09-02,1996-10-19,WEAK,COMMON_PATTERN,0212|0211|1112|1211|2002,0203|0302|0202|2002,0902|0209|2022|2202|2209,9610|1996|1910|9619|1019
U0383,2580,4,1985-12-15,1986-11-24,2014-07-11,2002-12-27,WEAK,COMMON_PATTERN,8512|1512|1215|8515|1985,1986|2411|1124|8611|8624,1107|1407|0711|2014|1411,0212|0227|1227|2712|2002
U0384,4844,4,1982-08-18,1982-02-11,2014-12-31,1999-03-16,STRONG,,8208|8218|1982|1808|0818,1102|8202|8211|0211|1982,1231|1412|3112|2014|1431,0316|1999|9916|9903|1603
U0385,8552,4,1979-01-10,1979-11-25,2016-12-10,2021-07-02,STRONG,,7901|1001|7910|1979|0110,2511|7911|7925|1979|1125,1612|1210|2016|1610|1012,2021|2107|0702|0207|2102
U0386,7118,4,1971-07-18,1966-11-12,2014-09-29,2014-08-27,WEAK,DEMOGRAPHIC_SELF,0718|1971|1807|7118|7107,1112|1966|6611|1211|6612,1409|1429|2909|0929|2014,2708|1408|2014|1427|0827
U0387,2301,4,1989-10-29,1990-04-01,2021-07-19,1995-01-23,WEAK,DEMOGRAPHIC_ANNIVERSARY,2910|8929|8910|1029|1989,1990|0401|9004|0104|9001,2119|2021|1907|2107|0719,9501|1995|9523|0123|2301
U0388,0831,4,1978-07-19,1983-04-20,2010-03-28,2011-08-31,WEAK,DEMOGRAPHIC_ANNIVERSARY,1907|7807|1978|7819|0719,0420|2004|1983|8304|8320,2010|1003|2803|0328|1028,0831|3108|1108|2011|1131
U0389,1111,4,1974-02-26,1974-12-22,2014-08-16,2011-06-06,WEAK,COMMON_PATTERN,7402|2602|1974|0226|7426,7422|1974|7412|2212|1222,1416|1408|0816|2014|1608,0606|2011|1106
U0390,2002,4,1971-05-22,1967-03-27,2015-05-03,2002-10-16,WEAK,DEMOGRAPHIC_ANNIVERSARY,2205|0522|1971|7105|7122,6703|1967|6727|2703|0327,1505|0503|0305|1503|2015,1016|0210|1610|0216|2002
U0391,0465,4,2001-07-30,2003-10-04,2010-09-13,2019-10-11,STRONG,,0130|0107|0730|2001|3007,0310|0410|1004|2003|0304,2010|1013|0913|1309|1009,2019|1910|1110|1011|1911
U0392,0000,4,1974-09-01,1970-06-21,2020-02-26,2012-01-31,WEAK,COMMON_PATTERN,7401|7409|1974|0109|0901,1970|2106|7006|7021|0621,2602|0226|2026|2020|2002,1201|0131|1231|2012|3101
U0393,0222,4,1975-09-19,1977-10-25,2020-02-22,2007-03-18,WEAK,DEMOGRAPHIC_PET,1975|0919|7519|1909|7509,1025|2510|7710|7725|1977,2020|2022|0222|2202|2002,0718|0318|0703|2007|1803
U0394,2945,4,1982-10-06,1982-08-01,2017-09-28,2016-06-20,STRONG,,1006|8206|0610|1982|8210,8208|0108|8201|0801|1982,0928|2809|1709|1728|2017,1606|2006|2016|0620|1620
U0395,7712,4,1977-12-22,1981-10-31,2016-10-13,2000-06-03,WEAK,DEMOGRAPHIC_SELF,7712|7722|2212|1222|1977,1031|1981|3110|8131|8110,1310|1013|2016|1613|1610,0006|0306|0003|0603|2000
U0396,1977,4,1977-03-06,1974-02-19,2017-03-19,2019-04-10,WEAK,DEMOGRAPHIC_SELF,0306|7706|7703|1977|0603,7402|7419|1974|0219|1902,1703|0319|1903|1719|2017,2019|1004|1910|0410|1904
U0397,0462,4,1986-10-25,1991-05-28,2010-05-18,2020-03-07,STRONG,,1025|2510|1986|8625|8610,9105|2805|0528|1991|9128,2010|1018|1805|0518|1005,0703|2007|2020|2003|0307
U0398,9740,4,1998-09-17,2002-05-28,2010-01-26,2000-11-11,STRONG,,1998|1709|0917|9817|9809,0228|2805|0528|0205|2002,2010|0126|1001|2601|1026,0011|1111|2000
U0399,1401,4,1992-10-19,1993-09-07,2014-01-22,2023-07-23,WEAK,DEMOGRAPHIC_PET,9210|1910|9219|1019|1992,1993|9309|9307|0709|0907,1401|1422|0122|2014|2201,2023|2323|0723|2307
U0400,7777,4,1970-11-07,1969-08-09,2024-01-08,2022-06-03,WEAK,COMMON_PATTERN,1107|7011|1970|7007|0711,1969|6908|0809|6909|0908,0108|0801|2408|2401|2024,0306|2203|2206|2022|0603
U0401,5279,4,1993-12-19,1992-01-25,2023-04-11,2014-11-30,STRONG,,9312|1993|9319|1219|1912,0125|2501|9225|1992|9201,0411|1104|2304|2311|2023,1130|3011|1430|2014|1411
U0402,1533,4,1991-05-16,1993-01-03,2017-09-05,2011-03-14,STRONG,,9116|0516|9105|1605|1991,1993|0301|9303|9301|0103,1709|1705|0905|0509|2017,1103|1403|2011|0314|1114
U0403,1212,4,1974-02-11,1978-01-18,2020-05-12,2021-12-28,WEAK,COMMON_PATTERN,1102|7402|0211|1974|7411,0118|1978|7818|1801|7801,1205|2012|0512|2005|2020,2021|2812|2112|1228|2128
U0404,8410,4,1981-06-05,1984-10-22,2018-06-08,2001-11-10,WEAK,DEMOGRAPHIC_SPOUSE,1981|0506|0605|8105|8106,8410|1022|2210|1984|8422,0806|1806|0608|2018|1808,1110|2001|0111|0110|1011
U0405,2006,4,1977-06-28,1977-02-18,2024-09-25,2006-04-14,WEAK,DEMOGRAPHIC_ANNIVERSARY,2806|7728|7706|0628|1977,7702|1802|7718|0218|1977,2409|0925|2425|2509|2024,2006|0414|0604|1404|0614
U0406,7730,4,1974-01-29,1977-01-30,2015-02-13,2005-07-29,WEAK,DEMOGRAPHIC_SPOUSE,0129|7429|2901|7401|1974,0130|7701|7730|3001|1977,0213|1302|1502|1513|2015,2907|0507|0729|0529|2005
U0407,2020,4,2001-10-21,2000-01-14,2023-03-26,2020-12-02,WEAK,DEMOGRAPHIC_ANNIVERSARY,1021|2001|2110|0110|0121,0001|1401|0114|0014|2000,2326|2303|0326|2603|2023,0212|2012|1202|2020|2002
U0408,1615,4,2001-11-04,1996-05-10,2016-06-15,2008-05-09,WEAK,DEMOGRAPHIC_PET,0411|0104|1104|2001|0111,9610|0510|1996|9605|1005,1606|2016|1506|0615|1615,0809|0805|2008|0905|0509
U0409,2023,4,1975-10-24,1975-06-27,2018-01-11,2023-07-10,WEAK,DEMOGRAPHIC_ANNIVERSARY,1975|2410|7524|1024|7510,7506|1975|2706|0627|7527,2018|0111|1101|1801|1811,2310|1007|0710|2307|2023
U0410,1108,4,1972-01-17,1968-01-17,2011-08-06,1996-08-22,WEAK,DEMOGRAPHIC_PET,7201|7217|1701|0117|1972,1968|1701|6801|6817|0117,0806|1108|0608|1106|2011,2208|1996|0822|9622|9608
U0411,6660,4,2000-12-31,2002-08-26,2015-08-20,2012-01-01,STRONG,,0012|1231|0031|3112|2000,0208|0826|0226|2608|2002,1508|2008|1520|0820|2015,2012|1201|0101
U0412,2580,4,1994-05-06,1994-09-18,2024-10-14,1999-12-12,WEAK,COMMON_PATTERN,9405|0506|0605|9406|1994,9418|0918|9409|1994|1809,1410|2414|2410|1014|2024,1999|9912|1212
U0413,1234,4,1994-09-16,1995-03-06,2019-03-10,2002-03-25,WEAK,COMMON_PATTERN,0916|1609|9409|1994|9416,0306|1995|9503|0603|9506,0310|2019|1910|1003|1903,0325|2002|0225|0203|2503
U0414,7777,4,1979-06-25,1975-06-02,2014-10-02,1995-09-09,WEAK,COMMON_PATTERN,0625|7925|2506|7906|1979,7506|1975|7502|0602|0206,1410|0210|1002|2014|1402,0909|9509|1995
U0415,1205,4,1995-12-05,1999-12-03,2017-02-21,1995-04-11,WEAK,DEMOGRAPHIC_SELF,9505|9512|1995|1205|0512,1203|1999|0312|9912|9903,1721|2102|0221|1702|2017,9511|1995|0411|1104|9504
U0416,0002,4,2000-02-01,1998-11-19,2024-10-09,1999-11-28,WEAK,DEMOGRAPHIC_SELF,0001|0102|0201|2000|0002,9819|9811|1998|1119|1911,2409|0910|2410|1009|2024,1128|9911|1999|2811|9928
U0417,1234,4,1986-07-25,1991-02-01,2022-02-03,2012-07-11,WEAK,COMMON_PATTERN,0725|8607|1986|8625|2507,9102|0102|9101|0201|1991,0302|2203|2022|2202|0203,1107|1207|2012|0711|1211
U0418,0197,4,1996-07-27,1995-12-12,2017-09-29,2010-02-05,STRONG,,2707|9627|1996|0727|9607,9512|1995|1212,1709|2909|0929|1729|2017,2010|0502|1002|0205|1005
U0419,1111,4,1997-06-09,1998-07-16,2023-09-28,2007-06-12,WEAK,COMMON_PATTERN,9709|0609|0906|1997|9706,9807|1998|1607|9816|0716,0928|2809|2309|2023|2328,1206|0612|0712|2007|0706
U0420,2923,4,2000-10-22,2004-06-08,2019-03-02,2013-12-30,STRONG,,0022|0010|1022|2210|2000,0806|2004|0406|0408|0608,0302|2019|1903|1902|0203,1230|3012|2013|1330|1312
U0421,6109,4,1970-08-24,1970-01-29,2023-10-08,2017-08-09,STRONG,,1970|7024|0824|2408|7008,7029|0129|1970|2901|7001,2310|0810|2308|1008|2023,1708|1709|0809|0908|2017
U0422,9109,4,1991-06-12,1991-09-06,2015-04-07,2015-05-31,WEAK,DEMOGRAPHIC_SPOUSE,9106|1206|0612|9112|1991,9106|0906|0609|9109|1991,1504|0704|1507|0407|2015,1505|0531|1531|3105|2015
U0423,2309,4,1971-02-24,1972-01-20,2023-09-10,2009-11-01,WEAK,DEMOGRAPHIC_PET,7124|1971|7102|0224|2402,7201|0120|2001|7220|1972,2310|0910|2309|1009|2023,2009|0911|0111|1101|0901
U0424,3123,4,1991-06-28,1990-01-28,2016-07-21,2006-10-11,STRONG,,2806|9106|0628|1991|9128,1990|2801|9028|0128|9001,1621|2107|1607|2016|0721,0611|2006|1110|0610|1011
U0425,2023,4,1999-06-22,1994-09-30,2023-04-26,2013-10-15,WEAK,DEMOGRAPHIC_PET,0622|1999|2206|9922|9906,9409|3009|1994|9430|0930,0426|2326|2304|2023|2604,1310|2013|1315|1015|1510
U0426,2509,4,1997-03-29,1995-09-25,2017-04-21,1995-09-16,WEAK,DEMOGRAPHIC_SPOUSE,9729|2903|1997|0329|9703,9525|1995|0925|2509|9509,1721|2104|1704|0421|2017,0916|1609|1995|9516|9509
U0427,0000,4,2003-01-08,1999-04-19,2012-04-08,2018-10-08,WEAK,COMMON_PATTERN,0308|0108|0301|0801|2003,9919|9904|1999|1904|0419,0804|1204|0408|2012|1208,0810|1008|1810|2018|1808
U0428,1907,4,1994-01-06,1992-02-25,2013-07-19,2004-10-22,WEAK,DEMOGRAPHIC_PET,0601|9406|1994|9401|0106,9202|9225|2502|1992|0225,1307|1907|2013|1319|0719,2004|1022|0410|0422|2210
U0429,1212,4,1975-09-08,1978-03-15,2018-10-24,2013-07-28,WEAK,COMMON_PATTERN,1975|7508|0809|0908|7509,7815|7803|0315|1978|1503,2410|1810|2018|1024|1824,0728|1307|2013|2807|1328
U0430,0000,4,1982-11-16,1985-04-13,2022-01-05,2005-11-28,WEAK,COMMON_PATTERN,8211|1982|1611|8216|1116,0413|1304|8513|8504|1985,2205|0105|2022|2201|0501,1128|0511|2811|0528|2005
U0431,1111,4,1977-12-29,1982-12-14,2016-09-05,2007-06-27,WEAK,COMMON_PATTERN,2912|7712|7729|1229|1977,8212|1214|1412|1982|8214,1609|2016|0905|1605|0509,0627|2706|0727|2007|0706
U0432,2110,4,2003-04-18,2000-05-27,2021-10-14,2006-12-09,WEAK,DEMOGRAPHIC_PET,0318|1804|2003|0418|0304,0027|2705|0527|0005|2000,1410|2021|2114|1014|2110,2006|0912|0609|0612|1209
U0433,2022,4,2002-01-27,1998-01-08,2023-10-23,2020-12-22,WEAK,DEMOGRAPHIC_ANNIVERSARY,0127|0201|0227|2701|2002,0108|1998|0801|9808|9801,2310|1023|2023|2323,2012|2022|2212|2020|1222
U0434,1993,4,1993-04-17,1989-03-28,2024-08-30,2003-11-26,WEAK,DEMOGRAPHIC_SELF,9317|1993|0417|1704|9304,0328|8903|2803|8928|1989,2430|0830|3008|2408|2024,2611|0311|0326|2003|1126
U0435,2535,4,1996-09-02,1995-01-29,2010-10-08,2015-09-23,STRONG,,9602|0902|1996|0209|9609,0129|9501|2901|1995|9529,1010|1008|0810|2010,1523|0923|2309|1509|2015
U0436,4253,4,2001-01-20,1996-10-17,2014-10-23,2018-09-03,STRONG,,0120|2001|0101,9610|9617|1996|1017|1710,1410|2310|1423|1023|2014,0309|2018|1809|0903|1803
U0437,0709,4,2002-10-23,2007-09-01,2022-10-04,1997-01-19,WEAK,DEMOGRAPHIC_SPOUSE,2310|0223|0210|1023|2002,0701|2007|0109|0901|0709,0410|1004|2210|2022|2204,9719|9701|1997|1901|0119
U0438,0315,4,1995-06-28,1997-11-03,2017-02-13,2012-03-15,WEAK,DEMOGRAPHIC_ANNIVERSARY,2806|1995|9528|0628|9506,0311|1103|1997|9711|9703,0213|1302|1713|1702|2017,0315|1203|2012|1215|1503
U0439,1217,4,1996-07-08,2000-12-17,2010-05-03,2002-12-30,WEAK,DEMOGRAPHIC_SPOUSE,1996|9607|0807|9608|0708,0012|1217|1712|0017|2000,2010|0503|1003|0305|1005,1230|3012|0212|2002|0230
U0440,0982,4,1991-02-13,1990-09-09,2012-08-01,2013-10-22,STRONG,,9102|0213|1302|9113|1991,1990|0909|9009,1201|0108|2012|0801|1208,1310|2013|1022|2210|1322
U0441,7785,4,2001-11-24,2003-07-18,2019-05-06,2023-12-01,STRONG,,2411|1124|2001|0111|0124,0718|0318|1807|2003|0307,1906|1905|2019|0506|0605,1201|2023|2312|0112|2301
U0442,1304,4,1992-07-29,1997-09-13,2013-04-29,2020-08-28,WEAK,DEMOGRAPHIC_PET,2907|9207|0729|9229|1992,9709|0913|1309|9713|1997,2904|2013|0429|1304|1329,2028|2808|0828|2008|2020
U0443,1024,4,1977-12-24,1977-12-04,2017-11-18,2007-07-30,STRONG,,7712|2412|1224|7724|1977,1204|7712|0412|1977|7704,1118|1711|1718|1811|2017,2007|3007|0707|0730
U0444,0612,4,1976-06-14,1976-12-17,2010-12-06,2022-06-06,WEAK,DEMOGRAPHIC_PET,1406|1976|7614|7606|0614,1976|1217|7612|1712|7617,2010|1006|1206|0612|1012,2206|0606|2022
U0445,1111,4,1986-12-26,1986-07-01,2015-06-01,1997-02-02,WEAK,COMMON_PATTERN,8612|1986|2612|8626|1226,8601|0107|8607|1986|0701,0601|1506|1501|0106|2015,9702|0202|1997
U0446,9509,4,1995-04-09,1992-07-03,2016-05-15,2023-09-05,WEAK,DEMOGRAPHIC_SELF,0409|0904|1995|9509|9504,9207|0703|1992|9203|0307,0515|1505|2016|1605|1615,2305|0905|2309|0509|2023
U0447,2580,4,1979-10-03,1981-03-06,2018-08-10,2006-12-11,WEAK,COMMON_PATTERN,7903|0310|1003|7910|1979,8103|0306|1981|8106|0603,0810|1008|1810|2018|1808,0611|2006|1112|0612|1211
U0448,8990,4,1998-08-13,1996-07-17,2019-07-24,2007-08-01,STRONG,,0813|1998|9813|1308|9808,1707|9617|0717|1996|9607,2019|1907|2407|1924|0724,0108|0801|2007|0701|0708
U0449,3812,4,1985-06-29,1983-01-28,2017-04-28,2008-05-18,STRONG,,0629|2906|8529|8506|1985,1983|8301|2801|0128|8328,1704|2804|1728|0428|2017,0805|2008|1805|0518|0818
U0450,2013,4,1982-08-26,1985-05-19,2013-12-30,2007-08-13,WEAK,DEMOGRAPHIC_PET,8208|0826|2608|1982|8226,1905|1985|0519|8505|8519,1230|3012|2013|1330|1312,0713|0813|1308|2007|0708
U0451,7706,4,1977-06-24,1977-12-23,2019-08-03,2022-02-08,WEAK,DEMOGRAPHIC_SELF,7706|7724|0624|1977|2406,7712|2312|1223|7723|1977,0308|2019|0803|1903|1908,0208|2208|0802|2022|2202
U0452,4069,4,2002-03-02,2007-09-24,2024-07-26,2019-05-24,STRONG,,0302|0203|0202|2002,0724|2409|2007|0924|0709,0726|2407|2426|2607|2024,0524|1905|2019|2405|1924
U0453,2580,4,2001-10-28,2001-06-29,2024-08-10,2002-04-29,WEAK,COMMON_PATTERN,0110|0128|2001|1028|2810,0129|0629|2906|2001|0106,0810|2410|1008|2408|2024,2904|0429|0204|0229|2002
U0454,1212,4,1974-07-08,1972-07-27,2011-03-07,1997-08-02,WEAK,COMMON_PATTERN,0807|1974|7408|0708|7407,2707|7207|7227|0727|1972,1107|1103|0703|2011|0307,0208|9708|9702|0802|1997
U0455,3499,4,1983-04-26,1988-12-21,2010-03-29,2022-03-22,STRONG,,0426|8326|1983|8304|2604,1221|2112|8812|8821|1988,2010|0329|2903|1003|1029,0322|2222|2203|2022
U0456,2909,4,1998-09-29,1998-01-05,2016-08-13,2016-08-18,WEAK,DEMOGRAPHIC_SELF,9809|1998|2909|0929|9829,9805|0105|1998|0501|9801,0813|2016|1613|1308|1608,1618|2016|1808|1608|0818
U0457,0810,4,1989-01-03,1987-10-08,2014-06-09,2013-10-26,WEAK,DEMOGRAPHIC_SPOUSE,8901|0301|8903|0103|1989,0810|1987|8708|1008|8710,1406|1409|0906|0609|2014,1326|1310|2013|2610|1026
U0458,1212,4,1982-07-31,1982-02-18,2023-03-24,2022-07-10,WEAK,COMMON_PATTERN,8231|0731|1982|3107|8207,8202|8218|1802|1982|0218,2403|2324|2303|0324|2023,2207|1007|0710|2210|2022
U0459,0365,4,1995-12-16,1993-10-09,2018-03-28,2021-03-03,STRONG,,1612|1216|9512|1995|9516,0910|1993|9310|9309|1009,1828|2018|2803|0328|1803,2021|0303|2103
U0460,1311,4,1970-07-19,1969-05-11,2013-11-07,2013-07-11,WEAK,"DEMOGRAPHIC_PET,DEMOGRAPHIC_ANNIVERSARY",1970|1907|7007|7019|0719,1969|1105|0511|6911|6905,1107|1307|2013|1311|0711,1107|1307|2013|1311|0711
U0461,1978,4,1978-07-08,1978-01-18,2010-04-21,2003-08-12,WEAK,"DEMOGRAPHIC_SELF,DEMOGRAPHIC_SPOUSE",7808|7807|1978|0807|0708,0118|1978|7818|1801|7801,2010|2104|1021|0421|1004,0308|1208|0812|0312|2003
U0462,2601,4,1978-01-26,1979-02-27,2015-02-18,2022-09-24,WEAK,DEMOGRAPHIC_SELF,7826|1978|0126|2601|7801,7902|0227|7927|1979|2702,1502|1518|1802|0218|2015,2409|2224|2022|0924|2209
U0463,1212,4,1996-05-03,2001-06-18,2022-09-22,2004-07-02,WEAK,COMMON_PATTERN,1996|0503|9605|0305|9603,0118|1806|2001|0618|0106,0922|2022|2222|2209,2004|0702|0207|0407|0402
U0464,7244,4,1981-09-17,1982-03-08,2022-02-28,1995-06-16,STRONG,,1981|1709|8109|8117|0917,8208|0308|0803|1982|8203,2228|0228|2802|2022|2202,1606|0616|1995|9516|9506
U0465,7763,4,1986-05-15,1986-02-01,2024-02-19,2000-12-19,STRONG,,8615|0515|1986|1505|8605,0102|8601|1986|0201|8602,2419|0219|1902|2024|2402,0019|0012|1219|1912|2000
U0466,0405,4,1990-07-03,1988-04-05,2012-03-12,2019-01-28,WEAK,DEMOGRAPHIC_SPOUSE,1990|0703|9007|0307|9003,8804|8805|0504|0405|1988,2012|1203|1212|0312,2019|1928|2801|0128|1901
U0467,1309,4,1997-05-02,2001-07-16,2021-10-30,2013-09-10,WEAK,DEMOGRAPHIC_ANNIVERSARY,9705|9702|0502|1997|0205,0107|0116|1607|2001|0716,2021|3010|2110|2130|1030,1310|2013|1309|0910|1009
U0468,1234,4,1983-05-26,1986-06-20,2021-05-28,2023-07-07,WEAK,COMMON_PATTERN,8326|2605|1983|0526|8305,2006|1986|8606|0620|8620,2021|2105|2805|0528|2128,2023|0707|2307
U0469,5526,4,1999-01-20,1995-05-16,2022-09-18,2002-07-15,STRONG,,0120|9901|9920|1999|2001,9505|0516|1995|9516|1605,2218|0918|1809|2022|2209,0715|1507|0207|0215|2002
U0470,8318,4,1983-12-18,1985-09-10,2022-02-04,1997-08-13,WEAK,DEMOGRAPHIC_SELF,1218|1983|8312|1812|8318,0910|8510|8509|1009|1985,2022|0204|2204|2202|0402,9708|0813|9713|1997|1308
U0471,7506,4,1975-06-01,1980-11-15,2022-08-18,1998-05-24,WEAK,DEMOGRAPHIC_SELF,7506|1975|0601|7501|0106,1511|1115|8015|1980|8011,2208|2218|2022|1808|0818,9805|0524|1998|2405|9824
U0472,9211,4,1992-11-26,1991-05-04,2024-02-10,1997-02-26,WEAK,DEMOGRAPHIC_SELF,2611|9226|9211|1992|1126,9104|9105|0504|0405|1991,2410|1002|0210|2024|2402,2602|9702|0226|1997|9726
U0473,0701,4,1971-07-01,1971-10-23,2024-03-16,2011-07-01,WEAK,"DEMOGRAPHIC_SELF,DEMOGRAPHIC_ANNIVERSARY",0107|1971|7101|7107|0701,2310|1971|7110|1023|7123,2403|0316|2416|2024|1603,1107|0107|2011|1101|0701
U0474,0397,4,1977-10-09,1981-11-28,2021-07-28,1998-04-22,STRONG,,7709|0910|7710|1009|1977,1128|1981|8128|2811|8111,0728|2021|2107|2807|2128,9822|1998|9804|0422|2204
U0475,9686,4,1971-05-11,1973-09-28,2011-11-17,2010-11-16,STRONG,,7111|1105|0511|1971|7105,2809|0928|7309|1973|7328,1711|1111|2011|1117,2010|1016|1011|1611|1116
U0476,7067,4,1986-08-15,1983-02-22,2011-09-25,1995-06-09,STRONG,,8615|1508|1986|0815|8608,8322|1983|8302|0222|2202,0925|2509|2011|1109|1125,1995|0906|0609|9509|9506
U0477,8906,4,1989-11-06,1988-12-02,2021-06-12,2002-12-14,WEAK,DEMOGRAPHIC_SELF,8906|8911|0611|1106|1989,0212|8802|1202|8812|1988,2021|2106|1206|0612|2112,0214|0212|1214|1412|2002
U0478,1234,4,1997-10-22,1992-09-22,2020-06-07,1995-10-02,WEAK,COMMON_PATTERN,9710|9722|1022|1997|2210,9209|0922|1992|9222|2209,2006|2007|0607|2020|0706,1995|0210|1002|9502|9510
U0479,2580,4,1984-07-02,1989-10-10,2021-04-18,1996-11-23,WEAK,COMMON_PATTERN,8402|0702|0207|8407|1984,1010|1989|8910,2118|2021|2104|1804|0418,1996|9611|9623|2311|1123
U0480,1993,4,1996-05-28,1993-03-14,2020-02-20,2009-06-29,WEAK,DEMOGRAPHIC_SPOUSE,1996|2805|9628|9605|0528,1993|9314|1403|0314|9303,0220|2020|2002,0629|2906|2009|0929|0906
U0481,2580,4,1996-12-01,1995-08-01,2011-12-13,2021-10-25,WEAK,COMMON_PATTERN,1201|1996|9601|0112|9612,9501|0108|9508|1995|0801,1113|1213|1112|1312|2011,1025|2021|2510|2125|2110
U0482,1997,4,1996-12-09,1995-08-04,2010-04-22,1997-11-15,WEAK,DEMOGRAPHIC_ANNIVERSARY,0912|1996|9612|9609|1209,0804|9508|1995|0408|9504,2010|1022|1004|0422|2204,1511|1115|9715|1997|9711
U0483,3385,4,1972-10-27,1972-01-13,2024-01-16,2004-08-04,STRONG,,7227|1972|2710|7210|1027,7201|7213|1301|1972|0113,0116|2416|1601|2401|2024,0804|0408|2004|0404
U0484,0000,4,1980-02-15,1977-07-01,2016-05-13,2022-04-23,WEAK,COMMON_PATTERN,1502|8015|1980|0215|8002,7707|0107|7701|0701|1977,2016|1613|1305|0513|1605,0423|2304|2022|2204|2223
U0485,1997,4,1997-01-13,1993-10-23,2014-10-16,2000-07-21,WEAK,DEMOGRAPHIC_SELF,9701|9713|1997|1301|0113,2310|1993|1023|9310|9323,1410|1416|1016|1610|2014,0007|2107|0021|2000|0721
U0486,1974,4,1974-09-19,1974-07-04,2022-08-25,2013-05-29,WEAK,"DEMOGRAPHIC_SELF,DEMOGRAPHIC_SPOUSE",0919|7409|7419|1974|1909,7404|1974|0704|0407|7407,2225|2208|2508|0825|2022,2013|1305|0529|1329|2905
U0487,8014,4,1981-07-10,1980-02-14,2023-05-14,2023-01-08,WEAK,DEMOGRAPHIC_SPOUSE,1007|1981|0710|8110|8107,0214|8014|1980|8002|1402,0514|2305|2314|1405|2023,0108|2308|2301|0801|2023
U0488,1234,4,1988-02-29,1985-03-04,2010-09-13,1995-11-28,WEAK,COMMON_PATTERN,8802|8829|2902|0229|1988,0403|8504|8503|0304|1985,2010|1013|0913|1309|1009,1128|9511|1995|9528|2811
U0489,7777,4,2002-02-01,2007-04-21,2022-04-27,2022-11-21,WEAK,COMMON_PATTERN,0102|0201|0202|2002,2104|0421|0704|2007|0721,0427|2227|2022|2704|2204,2111|1121|2022|2221|2211
U0490,3368,4,1984-12-10,1981-07-31,2011-02-07,2011-01-04,STRONG,,1210|8410|1012|8412|1984,1981|8131|0731|3107|8107,1107|1102|0702|0207|2011,0401|0104|1104|2011|1101
U0491,0705,4,1974-01-08,1972-10-11,2010-07-05,2015-02-04,WEAK,DEMOGRAPHIC_PET,0108|7401|1974|7408|0801,7211|1110|1972|7210|1011,2010|1007|0507|0705|1005,1504|1502|2015|0204|0402
U0492,2202,4,1999-09-13,1995-10-09,2017-11-14,2006-02-22,WEAK,DEMOGRAPHIC_ANNIVERSARY,0913|9909|1309|9913|1999,0910|1995|9510|1009|9509,1714|1711|1114|2017|1411,2006|0622|0602|0222|2202
U0493,7777,4,1988-10-15,1983-12-31,2017-04-03,2006-11-06,WEAK,COMMON_PATTERN,8810|1015|8815|1510|1988,1983|1231|8331|8312|3112,2017|1703|1704|0403|0304,0606|0611|2006|1106
U0494,2664,4,1984-04-27,1987-11-05,2012-12-16,2018-10-12,STRONG,,0427|8427|2704|8404|1984,1987|1105|0511|8705|8711,2012|1612|1216|1212,1210|1810|1812|2018|1012
U0495,2580,4,1993-05-18,1990-12-03,2016-08-25,2020-06-04,WEAK,COMMON_PATTERN,9305|1993|1805|0518|9318,1990|1203|9012|0312|9003,1625|2016|2508|0825|1608,2004|2006|0406|0604|2020
U0496,1234,4,1970-06-14,1971-06-15,2017-01-30,1995-03-17,WEAK,COMMON_PATTERN,1406|1970|7014|7006|0614,1971|1506|7115|7106|0615,1730|0130|1701|3001|2017,1703|9517|0317|1995|9503
U0497,5855,4,1984-05-24,1981-11-18,2014-02-07,2001-07-07,STRONG,,0524|8424|8405|2405|1984,1981|8118|8111|1118|1811,1407|0702|0207|2014|1402,0107|2001|0707
U0498,9331,4,1970-08-19,1970-10-18,2016-12-07,2016-04-30,STRONG,,1970|1908|7019|0819|7008,1970|7018|1018|1810|7010,1612|1207|1607|2016|0712,0430|1604|2016|1630|3004
U0499,6934,4,1972-08-30,1969-04-30,2011-05-12,2023-11-18,STRONG,,0830|3008|7230|7208|1972,0430|1969|6930|3004|6904,1105|1205|1112|2011|0512,2023|2318|1118|2311|1811
U0500,0063,4,1971-01-26,1974-04-27,2014-07-20,2006-02-25,STRONG,,1971|0126|2601|7126|7101,0427|7404|1974|7427|2704,0720|1407|1420|2007|2014,2006|0625|0602|2502|0225
U0501,083855,6,1989-10-19,1992-04-27,2014-03-12,2021-09-21,STRONG,,1910|8919|8910|1019|1989,9204|9227|0427|1992|2704,1203|1412|1403|2014|0312,0921|2121|2021|2109
U0502,825021,6,1991-07-26,1994-10-06,2018-12-29,2021-10-12,STRONG,,0726|9107|9126|2607|1991,1006|9410|9406|1994|0610,2912|1812|2018|1229|1829,2021|1210|2112|2110|1012
U0503,088905,6,1992-11-11,1989-05-30,2013-07-10,2007-12-27,STRONG,,1111|9211|1992,8905|3005|0530|8930|1989,1310|1007|1307|2013|0710,0727|1227|2712|0712|2007
U0504,258025,6,1970-08-29,1974-11-07,2016-08-18,2022-05-05,WEAK,COMMON_PATTERN,7029|1970|0829|2908|7008,1107|1974|7411|0711|7407,1618|2016|1808|1608|0818,0505|2205|2022
U0505,169216,6,1995-07-21,1994-12-07,2023-09-18,1999-10-15,STRONG,,9507|2107|1995|9521|0721,1207|9407|1994|0712|9412,0918|2309|2318|1809|2023,9915|1999|1015|1510|9910
U0506,656660,6,1997-04-04,1997-02-26,2013-06-09,2022-08-28,STRONG,,1997|9704|0404,2602|9702|0226|1997|9726,2013|1309|0906|0609|1306,2208|2808|0828|2228|2022
U0507,078526,6,1993-11-11,1988-01-11,2010-11-08,1999-09-04,STRONG,,1993|9311|1111,8811|8801|0111|1101|1988,2010|1108|1008|0811|1011,0409|9909|0904|1999|9904
U0508,537740,6,1992-08-23,1989-03-16,2023-07-12,2009-09-04,STRONG,,9223|2308|0823|1992|9208,8916|0316|8903|1989|1603,1207|2312|0712|2307|2023,0904|2009|0909|0409
U0509,727802,6,1972-11-22,1973-01-26,2024-07-15,2001-03-13,STRONG,,7211|7222|1972|1122|2211,7326|0126|2601|1973|7301,2415|2407|0715|1507|2024,1303|2001|0103|0313|0113
U0510,654321,6,1980-11-13,1979-04-13,2011-06-19,2015-12-29,WEAK,COMMON_PATTERN,1113|8013|1311|1980|8011,0413|7904|1304|7913|1979,1906|1106|0619|2011|1119,2912|1512|1229|1529|2015
U0511,408860,6,1976-12-05,1972-11-01,2015-09-25,2011-06-15,STRONG,,1976|7612|1205|0512|7605,7201|7211|0111|1101|1972,0925|1525|1509|2509|2015,1115|1506|1106|0615|2011
U0512,491455,6,1993-12-06,1991-07-29,2023-11-27,2021-09-21,STRONG,,9312|1993|9306|1206|0612,2907|9129|9107|0729|1991,2327|2711|1127|2311|2023,0921|2121|2021|2109
U0513,117266,6,1980-11-29,1977-10-04,2014-11-18,2007-11-01,STRONG,,8029|1980|1129|2911|8011,7710|0410|1004|1977|7704,1418|1118|2014|1811|1411,0711|0111|1101|2007|0701
U0514,699556,6,1979-04-06,1978-01-15,2019-08-01,2021-06-02,STRONG,,7904|0406|0604|7906|1979,7815|1978|1501|0115|7801,0108|2019|0801|1901|1908,2021|2106|0602|2102|0206
U0515,123456,6,1971-09-08,1970-11-16,2024-01-09,2003-05-05,WEAK,COMMON_PATTERN,0809|1971|7109|0908|7108,7011|1970|7016|1611|1116,2409|2401|0109|0901|2024,0505|0305|2003
U0516,972479,6,1974-08-11,1976-05-06,2011-05-13,2018-01-26,STRONG,,1108|0811|1974|7408|7411,1976|0506|0605|7606|7605,1113|1105|1305|2011|0513,1826|0126|2601|2018|1801
U0517,078407,6,1985-11-26,1990-02-06,2024-03-10,2005-10-15,STRONG,,2611|8511|1126|8526|1985,1990|9006|9002|0602|0206,2403|0310|2410|1003|2024,0515|0510|1015|1510|2005
U0518,370175,6,1986-07-10,1988-11-19,2017-03-27,2020-12-16,STRONG,,1007|8607|1986|0710|8610,8811|1988|8819|1119|1911,1703|1727|2703|0327|2017,1612|1216|2016|2012|2020
U0519,461945,6,1995-03-10,2000-11-17,2021-03-29,1997-08-05,STRONG,,0310|1995|1003|9510|9503,0011|1711|0017|1117|2000,2021|2103|2903|2129|0329,9708|9705|0508|0805|1997
U0520,474231,6,1980-11-04,1978-12-28,2024-05-03,2012-04-12,STRONG,,8004|0411|1104|1980|8011,7812|7828|1978|2812|1228,2403|2405|0503|0305|2024,2012|0412|1212|1204
U0521,111111,6,1989-08-20,1990-03-20,2017-02-16,1999-09-23,WEAK,COMMON_PATTERN,8920|2008|8908|0820|1989,1990|9020|0320|2003|9003,1602|1716|0216|1702|2017,9923|9909|1999|0923|2309
U0522,184453,6,1972-04-11,1970-01-11,2023-05-15,2020-12-23,STRONG,,7211|0411|1104|7204|1972,7011|1970|0111|1101|7001,2315|0515|1505|2305|2023,2020|2312|2012|1223|2023
U0523,696278,6,1986-12-16,1983-07-23,2024-12-01,2011-09-26,STRONG,,8612|1612|1216|1986|8616,1983|8323|2307|8307|0723,1201|2412|0112|2401|2024,0926|2609|2011|1109|1126
U0524,943611,6,1997-03-20,2000-02-09,2020-10-31,2016-04-14,STRONG,,9720|0320|1997|9703|2003,0009|0902|0209|2000|0002,2010|2031|1031|3110|2020,2016|1604|0414|1614|1404
U0525,243163,6,2001-01-04,2006-01-15,2010-03-26,2003-06-18,STRONG,,0401|0104|2001|0101,0601|2006|1501|0615|0115,2010|1003|0326|2603|1026,0306|1806|0318|0618|2003
U0526,761938,6,1972-10-20,1974-10-04,2012-06-03,2017-10-24,STRONG,,2010|1972|7220|7210|1020,7404|7410|0410|1974|1004,0306|1203|1206|2012|0603,1724|2410|1710|1024|2017
U0527,877737,6,2002-04-15,2001-06-25,2014-03-25,1998-04-09,STRONG,,1504|0204|0215|0415|2002,0125|0625|2506|2001|0106,0325|1425|1403|2014|2503,0409|1998|0904|9804|9809
U0528,197024,6,2001-04-17,2004-06-06,2024-06-03,2022-05-23,STRONG,,0417|0104|0117|1704|2001,0406|0606|2004,2403|0306|2406|2024|0603,2205|0523|2305|2022|2223
U0529,505701,6,1999-03-15,1997-06-09,2018-10-14,1995-02-23,STRONG,,0315|1999|1503|9915|9903,9709|0609|0906|1997|9706,1410|1014|1810|2018|1814,2302|0223|1995|9523|9502
U0530,282566,6,1996-12-16,1993-08-16,2012-02-14,2006-06-06,STRONG,,1612|1216|1996|9616|9612,9316|1608|1993|0816|9308,0214|1214|2012|1202|1402,0606|2006
U0531,637518,6,1970-07-18,1973-01-20,2021-04-12,2009-07-15,STRONG,,0718|1970|7007|7018|1807,0120|1973|2001|7301|7320,2021|1204|2104|0412|2112,2009|0715|1507|0915|0907
U0532,988217,6,1989-06-08,1991-05-27,2012-11-20,1996-06-17,STRONG,,8906|0806|0608|8908|1989,9105|2705|0527|1991|9127,1120|2012|2011|1220|1211,9617|1706|1996|9606|0617
U0533,121212,6,1973-02-11,1977-12-03,2018-01-29,2020-11-25,WEAK,COMMON_PATTERN,1102|0211|1973|7311|7302,7712|1203|7703|0312|1977,0129|2901|2018|1801|1829,2511|2011|2025|2020|1125
U0534,150682,6,1982-12-05,1977-10-21,2020-09-21,2019-01-06,STRONG,,8212|8205|1205|0512|1982,7721|7710|1021|2110|1977,2009|2021|0921|2020|2109,0601|1906|2019|1901|0106
U0535,732557,6,1972-06-01,1973-09-25,2024-03-23,2000-03-24,STRONG,,7201|0601|7206|1972|0106,0925|7325|1973|2509|7309,2403|2423|2303|2024|0323,0024|2403|0003|0324|2000
U0536,704576,6,1983-01-19,1982-04-02,2010-12-15,2023-10-31,STRONG,,1983|8301|8319|1901|0119,8202|8204|1982|0204|0402,2010|1512|1215|1015|1012,2310|1031|3110|2331|2023
U0537,896693,6,2001-11-26,2000-12-29,2023-05-17,2014-05-13,STRONG,,2611|0126|2001|0111|1126,0012|2912|0029|1229|2000,1705|2305|0517|2317|2023,1413|1305|1405|0513|2014
U0538,978619,6,1985-12-27,1983-03-09,2013-12-05,2007-11-25,STRONG,,8512|1227|2712|8527|1985,1983|8303|0309|0903|8309,2013|1205|1305|1312|0512,0725|2511|0711|2007|1125
U0539,654321,6,1989-08-22,1990-04-29,2017-08-31,2006-04-15,WEAK,COMMON_PATTERN,2208|0822|8922|8908|1989,1990|9029|2904|0429|9004,1708|0831|3108|1731|2017,1504|2006|0604|0615|0415
U0540,768740,6,1979-05-31,1980-09-25,2015-03-06,2018-10-10,STRONG,,7931|0531|3105|1979|7905,0925|8009|8025|1980|2509,0306|1506|1503|0603|2015,1010|2018|1810
U0541,258025,6,1985-11-09,1990-01-14,2012-03-25,2021-06-21,WEAK,COMMON_PATTERN,8511|0911|8509|1109|1985,1990|1401|0114|9001|9014,1203|0325|2012|1225|2503,2121|2021|2106|0621
U0542,433022,6,1976-02-10,1976-08-01,2017-01-28,2020-07-20,STRONG,,7610|1976|7602|1002|0210,7608|7601|0108|1976|0801,1701|2801|0128|1728|2017,2007|0720|2020
U0543,000000,6,1977-03-10,1973-04-17,2020-10-27,2019-07-06,WEAK,COMMON_PATTERN,0310|7710|1003|7703|1977,7304|7317|0417|1704|1973,2010|2027|2710|2020|1027,1906|2019|1907|0607|0706
U0544,000000,6,1970-08-03,1965-11-17,2017-04-18,2010-12-20,WEAK,COMMON_PATTERN,0308|1970|0803|7003|7008,6517|1965|6511|1711|1117,1704|1804|0418|1718|2017,2010|2012|1220|1012|1020
U0545,000000,6,1982-03-20,1983-05-12,2010-06-28,2016-07-28,WEAK,COMMON_PATTERN,0320|2003|1982|8220|8203,1983|8312|1205|8305|0512,2010|1006|2806|0628|1028,0728|1607|2807|2016|1628
U0546,094047,6,1999-01-24,1996-07-21,2022-08-23,1996-03-21,STRONG,,9924|9901|1999|2401|0124,2107|1996|9607|9621|0721,2308|0823|2208|2022|2223,2103|1996|9621|9603|0321
U0547,689183,6,2001-06-30,1999-11-29,2016-06-03,2001-07-16,STRONG,,0130|3006|0630|2001|0106,9929|9911|1999|1129|2911,1606|0306|0603|2016|1603,0107|0116|1607|2001|0716
U0548,764771,6,1988-02-11,1987-03-26,2020-07-31,1995-04-08,STRONG,,1102|0211|8811|8802|1988,1987|8726|0326|2603|8703,2031|0731|2007|3107|2020,0804|9508|0408|1995|9504
U0549,787733,6,1987-04-12,1991-05-12,2020-10-06,2004-09-04,STRONG,,8712|1204|1987|0412|8704,0512|9105|1205|9112|1991,2010|1006|2006|0610|2020,0904|0409|2004|0404
U0550,000000,6,1991-05-03,1996-05-01,2019-12-17,2009-02-18,WEAK,COMMON_PATTERN,9105|0503|0305|9103|1991,0105|1996|9601|9605|0501,2019|1217|1912|1712|1917,2009|0902|0918|1802|0218
U0551,996262,6,1983-04-16,1983-04-30,2018-07-07,2009-05-17,STRONG,,0416|1983|8304|1604|8316,0430|8330|1983|8304|3004,2018|0707|1807,2009|1705|0905|0517|0917
U0552,957054,6,1990-04-29,1987-07-10,2022-02-21,2012-05-17,STRONG,,1990|9029|2904|0429|9004,8707|1007|1987|0710|8710,2102|0221|2022|2221|2202,1217|1705|1205|2012|0517
U0553,000000,6,1996-01-17,1994-12-30,2010-09-15,2010-12-23,WEAK,COMMON_PATTERN,9617|1701|9601|1996|0117,1230|3012|1994|9412|9430,2010|1509|1015|0915|1009,2010|2312|1023|1223|1012
U0554,354305,6,1989-04-07,1986-12-20,2015-11-15,2018-12-17,STRONG,,8907|8904|0704|1989|0407,8612|1986|2012|1220|8620,1511|1115|1515|2015,1817|1217|1812|2018|1712
U0555,567816,6,1986-01-05,1982-04-16,2022-02-28,2008-07-15,STRONG,,8601|1986|0105|0501|8605,0416|8204|1604|1982|8216,2228|0228|2802|2022|2202,0815|0807|0715|2008|1507
U0556,624982,6,1975-03-01,1980-07-31,2018-01-20,2004-08-09,STRONG,,1975|0301|0103|7503|7501,8007|1980|0731|8031|3107,0120|2018|2001|1801|1820,0409|2004|0809|0408|0908
U0557,654321,6,1985-10-23,1986-05-18,2013-07-22,1995-01-14,WEAK,COMMON_PATTERN,2310|1023|8523|8510|1985,1986|8618|1805|0518|8605,2207|1307|2013|1322|0722,9501|9514|1401|1995|0114
U0558,479555,6,1973-01-15,1975-12-23,2022-11-29,2008-12-22,STRONG,,1501|0115|1973|7315|7301,1975|7523|2312|7512|1223,2229|1129|2022|2911|2211,0812|0822|2008|2212|1222
U0559,121212,6,1992-03-15,1988-04-26,2022-10-19,1996-09-12,WEAK,COMMON_PATTERN,9215|0315|1503|1992|9203,8804|0426|8826|2604|1988,2219|1910|1019|2210|2022,0912|1996|9612|9609|1209
U0560,534938,6,1974-08-03,1970-12-01,2014-05-09,1998-11-17,STRONG,,0308|0803|1974|7408|7403,1201|1970|7012|0112|7001,1409|0905|1405|2014|0509,9811|1998|1711|9817|1117
U0561,471649,6,1972-06-27,1977-06-15,2013-06-29,2023-05-06,STRONG,,0627|7206|2706|7227|1972,1506|7706|0615|7715|1977,0629|2906|2013|1329|1306,0506|0605|2305|2306|2023
U0562,977798,6,1994-03-24,1989-06-23,2011-08-12,2010-09-03,STRONG,,2403|1994|9403|0324|9424,8906|0623|8923|2306|1989,1108|1112|1208|2011|0812,2010|0309|1003|1009|0903
U0563,996240,6,2003-07-09,2002-02-06,2022-02-02,2005-04-30,STRONG,,0309|0709|0307|2003|0907,0602|0202|0206|2002,2202|0202|2022,0430|0530|0504|3004|2005
U0564,589775,6,1989-07-14,1985-12-09,2011-08-03,2016-02-04,STRONG,,8907|1407|8914|0714|1989,8512|0912|8509|1209|1985,0308|1103|1108|0803|2011,1602|2016|1604|0204|0402
U0565,258025,6,1993-06-14,1989-06-30,2015-02-03,2002-01-22,WEAK,COMMON_PATTERN,1406|1993|9314|9306|0614,8906|3006|0630|8930|1989,0302|1502|1503|0203|2015,0201|0122|2201|0222|2002
U0566,358920,6,1984-10-22,1980-04-07,2018-09-22,2003-09-03,STRONG,,8410|1022|2210|1984|8422,8007|8004|0704|1980|0407,0922|1822|2018|1809|2209,0303|0903|2003|0309
U0567,121212,6,1998-05-30,2001-05-01,2011-06-02,2008-06-23,WEAK,COMMON_PATTERN,9805|1998|9830|3005|0530,0101|0501|2001|0105,1102|1106|0602|2011|0206,0806|0823|2008|0623|2306
U0568,796250,6,1996-02-12,2000-06-04,2020-12-30,2004-04-02,STRONG,,9602|0212|1996|1202|9612,0006|0004|0406|0604|2000,1230|2030|3012|2012|2020,0204|0402|2004|0404
U0569,121574,6,1982-03-08,1980-01-22,2018-12-11,2018-04-05,STRONG,,8208|0308|0803|1982|8203,0122|1980|8022|8001|2201,1811|1112|1812|2018|1211,1804|2018|1805|0504|0405
U0570,878099,6,1975-09-14,1974-08-07,2012-03-26,2015-06-27,STRONG,,1975|1409|0914|7514|7509,0807|1974|7408|0708|7407,1203|2012|0326|2603|1226,0627|2706|1506|1527|2015
U0571,969582,6,1979-04-12,1981-01-11,2019-04-03,2016-07-14,STRONG,,7904|1204|7912|0412|1979,1981|8101|8111|0111|1101,2019|1903|0403|1904|0304,1407|1607|2016|1614|0714
U0572,872722,6,1986-05-26,1989-11-02,2018-05-21,2003-05-14,STRONG,,2605|1986|0526|8626|8605,1102|8911|0211|8902|1989,0521|1821|2105|2018|1805,0514|1405|0305|0314|2003
U0573,312546,6,2001-12-29,1996-12-08,2024-11-20,2014-09-30,STRONG,,0129|2912|0112|2001|1229,1996|9612|1208|9608|0812,1120|2411|2011|2420|2024,1409|3009|1430|2014|0930
U0574,127469,6,1971-11-16,1967-04-24,2013-07-11,2004-05-07,STRONG,,7111|1971|7116|1611|1116,1967|6704|0424|2404|6724,1107|1307|2013|1311|0711,2004|0507|0407|0705|0405
U0575,809874,6,1984-01-13,1985-04-30,2010-03-01,2010-12-18,STRONG,,0113|8401|1301|8413|1984,0430|8530|8504|3004|1985,2010|0301|1001|1003|0103,2010|1218|1018|1812|1012
U0576,111111,6,1989-05-29,1989-08-21,2022-03-30,2008-02-20,WEAK,COMMON_PATTERN,8905|8929|0529|1989|2905,0821|8908|8921|1989|2108,2230|3003|2203|2022|0330,0220|2008|0802|0820|2002
U0577,396503,6,1990-07-16,1995-02-21,2018-02-27,2004-04-25,STRONG,,1990|1607|9016|0716|9007,1995|9521|9502|2102|0221,0227|1802|2018|2702|1827,2504|0425|2004|0404
U0578,990621,6,1997-07-18,2000-04-13,2013-06-18,2003-03-05,STRONG,,0718|9707|1807|9718|1997,0413|0004|0013|1304|2000,2013|1806|1318|1306|0618,0503|0305|0303|2003
U0579,270017,6,2002-10-14,2006-08-31,2012-06-09,2006-06-10,STRONG,,1410|0214|1014|0210|2002,0831|3108|2006|0631|0608,1206|2012|0906|0609|1209,1006|0606|0610|2006
U0580,393493,6,1970-04-03,1972-03-16,2017-03-03,2021-07-16,STRONG,,1970|7003|0403|7004|0304,0316|7203|7216|1972|1603,2017|1703|0303,2021|2107|1607|0716|2116
U0581,140866,6,1996-12-09,1992-08-27,2016-04-12,2018-09-17,STRONG,,0912|1996|9612|9609|1209,2708|9227|1992|9208|0827,1612|1204|1604|2016|0412,1817|1709|2018|1809|0917
U0582,125066,6,1987-07-22,1988-03-05,2011-08-05,2019-03-24,STRONG,,2207|8707|1987|8722|0722,8803|8805|0503|0305|1988,1105|1108|0508|0805|2011,0324|2403|2019|1903|1924
U0583,959176,6,1978-02-02,1983-05-02,2010-04-13,2004-09-02,STRONG,,7802|1978|0202,1983|8302|0502|8305|0205,0413|2010|1013|1304|1004,0409|2004|0902|0209|0402
U0584,367440,6,1999-07-07,2003-11-29,2022-12-12,2001-03-29,STRONG,,1999|9907|0707,0311|1129|0329|2911|2003,2022|1212|2212,0129|2903|2001|0329|0103
U0585,195833,6,1978-09-05,1974-09-24,2022-08-13,1998-12-25,STRONG,,7809|1978|0905|7805|0509,2409|7409|1974|7424|0924,0813|2208|2213|2022|1308,1998|2512|9825|1225|9812
U0586,787151,6,1989-06-29,1987-12-03,2012-07-21,1995-04-28,STRONG,,8906|0629|2906|8929|1989,8712|1987|1203|0312|8703,1207|2107|1221|2012|0721,1995|9528|0428|9504|2804
U0587,867660,6,1987-02-20,1983-09-03,2020-10-01,1996-05-29,STRONG,,0220|1987|8702|8720|2002,1983|8303|0309|0903|8309,2010|0110|1001|2001|2020,1996|9605|0529|9629|2905
U0588,111111,6,1991-01-28,1988-11-25,2017-02-24,2020-07-26,WEAK,COMMON_PATTERN,9101|2801|0128|1991|9128,8825|2511|8811|1125|1988,1724|0224|1702|2017|2402,0726|2026|2607|2007|2020
U0589,123456,6,1980-11-13,1981-02-21,2019-05-01,2007-12-27,WEAK,COMMON_PATTERN,1113|8013|1311|1980|8011,8121|1981|8102|2102|0221,1905|2019|0105|1901|0501,0727|1227|2712|0712|2007
U0590,597332,6,1983-07-12,1983-07-13,2010-02-21,2012-10-02,STRONG,,1207|1983|8312|0712|8307,8313|1307|0713|1983|8307,2010|1021|1002|2102|0221,1210|0210|2012|1202|1002
U0591,267977,6,1981-02-12,1984-07-23,2011-03-09,1996-11-09,STRONG,,0212|1981|8112|8102|1202,8407|0723|2307|8423|1984,1103|0309|2011|0903|1109,0911|1996|9611|9609|1109
U0592,854341,6,1988-12-27,1991-11-13,2015-01-23,2016-09-13,STRONG,,8827|1227|2712|8812|1988,1113|1311|9113|1991|9111,1523|1501|0123|2301|2015,1609|0913|1309|2016|1613
U0593,406588,6,1979-04-12,1974-04-13,2022-01-07,2014-02-08,STRONG,,7904|1204|7912|0412|1979,0413|7404|1304|1974|7413,2207|0107|2022|2201|0701,0208|1408|0802|2014|1402
U0594,111111,6,1999-07-28,1998-02-14,2016-01-14,2021-10-21,WEAK,COMMON_PATTERN,0728|9907|2807|1999|9928,0214|9814|1998|9802|1402,1401|2016|0114|1601|1614,2110|2121|2021|1021
U0595,515158,6,2003-04-25,2006-11-26,2022-12-26,2004-05-04,STRONG,,0425|0325|2003|2504|0304,2611|0611|2006|0626|1126,2612|2226|2022|2212|1226,2004|0405|0504|0404
U0596,212945,6,1989-06-17,1985-04-09,2014-06-02,1998-01-04,STRONG,,8906|8917|1706|0617|1989,0409|0904|8504|8509|1985,1406|0602|0206|2014|1402,1998|0401|0104|9804|9801
U0597,254026,6,2003-11-14,1998-04-02,2024-03-04,2010-07-28,STRONG,,0311|0314|1114|2003|1411,1998|9802|9804|0204|0402,2403|0403|2404|2024|0304,2010|0728|1007|2807|1028
U0598,682156,6,2001-01-14,2003-01-03,2017-03-17,2005-04-05,STRONG,,2001|1401|0114|0101,0103|0303|0301|2003,1717|1703|0317|2017,0505|2005|0405|0504
U0599,984520,6,1978-11-06,1973-11-20,2020-04-16,2023-02-18,STRONG,,0611|1978|1106|7811|7806,1120|1973|7311|2011|7320,0416|2004|2016|1604|2020,0218|2302|1802|2318|2023
U0600,078798,6,1973-02-13,1970-02-26,2011-12-22,2015-08-23,STRONG,,0213|1302|7313|1973|7302,1970|2602|7026|0226|7002,1112|2011|2212|1122|1222,1523|1508|2308|0823|2015
U0601,292711,6,2001-05-10,1998-05-28,2017-08-28,2007-01-07,STRONG,,0510|0105|2001|1005|0110,9805|1998|2805|0528|9828,1708|2808|0828|1728|2017,2007|0701|0107|0707
U0602,450417,6,1997-05-14,1996-01-14,2010-08-17,2020-08-17,STRONG,,9705|9714|0514|1405|1997,1401|9601|1996|0114|9614,2010|0817|1708|1008|1017,0817|1708|2008|2020|2017
U0603,123456,6,1984-12-31,1984-02-22,2022-05-30,2001-09-27,WEAK,COMMON_PATTERN,1231|3112|8412|1984|8431,8402|0222|2202|1984|8422,2205|2230|3005|0530|2022,0127|2709|0927|2001|0109
U0604,823213,6,1982-05-05,1985-01-21,2019-02-24,2020-06-26,STRONG,,0505|8205|1982,2101|8501|8521|0121|1985,1902|2019|0224|1924|2402,2006|2026|0626|2606|2020
U0605,117337,6,2003-11-08,2000-04-10,2012-12-02,2012-11-18,STRONG,,0311|0308|1108|0811|2003,0004|0010|1004|0410|2000,2012|1202|0212|1212,1211|1218|2012|1118|1811
U0606,123456,6,1980-01-29,1983-06-20,2011-10-20,2005-07-20,WEAK,COMMON_PATTERN,0129|2901|1980|8001|8029,2006|1983|8320|0620|8306,2010|1120|1110|2011|1020,0720|0507|0520|2007|2005
U0607,123456,6,1976-07-15,1980-12-12,2020-02-18,1997-06-17,WEAK,COMMON_PATTERN,1976|0715|7607|1507|7615,8012|1980|1212,0218|2018|1802|2020|2002,1706|1997|9706|0617|9717
U0608,654321,6,1986-03-25,1982-12-08,2015-08-28,1997-01-06,WEAK,COMMON_PATTERN,1986|0325|8603|8625|2503,8208|8212|1208|0812|1982,1508|1528|0828|2808|2015,0601|9701|1997|9706|0106
U0609,048816,6,1993-09-16,1996-09-11,2016-10-18,2002-06-22,STRONG,,9316|0916|1609|1993|9309,0911|1996|9611|9609|1109,1618|2016|1018|1810|1610,0622|2206|0206|0222|2002
U0610,958316,6,1996-03-06,1999-08-06,2012-11-22,2022-12-29,STRONG,,0306|1996|9606|9603|0603,0806|0608|9908|1999|9906,1211|2012|1122|2211|1222,2229|2912|2022|1229|2212
U0611,834784,6,1990-02-14,1991-06-26,2020-03-02,2014-03-01,STRONG,,0214|1990|9002|9014|1402,9106|9126|0626|2606|1991,0302|0203|2020|2003|2002,1401|0301|1403|2014|0103
U0612,307811,6,2000-02-20,1999-08-16,2022-01-18,2014-01-24,STRONG,,0220|0020|0002|2000|2002,0816|9908|1999|9916|1608,0118|2218|1801|2022|2201,1401|1424|2401|2014|0124
U0613,848955,6,1994-06-21,1996-01-04,2020-06-12,2007-07-13,STRONG,,9421|2106|9406|1994|0621,9601|1996|0401|0104|9604,2006|1206|2012|0612|2020,2007|0707|0713|1307
U0614,517080,6,1998-05-26,1993-12-09,2023-04-30,2001-06-29,STRONG,,9805|2605|1998|0526|9826,9312|1993|0912|9309|1209,0430|2330|2304|3004|2023,0129|0629|2906|2001|0106
U0615,186967,6,1972-08-09,1974-01-08,2022-01-14,2023-01-03,STRONG,,7209|0809|0908|7208|1972,0108|7401|1974|7408|0801,1401|0114|2214|2022|2201,0301|2301|2303|0103|2023
U0616,540536,6,1992-10-13,1987-01-19,2022-09-29,2022-10-21,STRONG,,1310|9210|1013|9213|1992,1987|1901|8719|8701|0119,2229|2909|0929|2022|2209,2221|1021|2210|2022|2110
U0617,000000,6,1977-08-20,1972-12-16,2010-01-16,2018-08-26,WEAK,COMMON_PATTERN,7708|2008|7720|0820|1977,1612|1216|7216|1972|7212,2010|1016|0116|1001|1601,0826|1826|2018|2608|1808
U0618,000000,6,1994-08-31,1999-09-29,2013-02-28,2001-03-21,WEAK,COMMON_PATTERN,0831|3108|1994|9408|9431,2909|9909|9929|0929|1999,1302|2013|0228|2802|1328,0321|2103|2001|0103|0121
U0619,011423,6,2003-07-21,2005-11-16,2011-08-01,2022-06-08,STRONG,,2107|0321|2003|0307|0721,0516|0511|1611|2005|1116,0108|1108|0801|2011|1101,0806|2208|0608|2206|2022
U0620,121212,6,1982-05-09,1977-11-20,2017-10-29,2009-01-01,WEAK,COMMON_PATTERN,8209|8205|0905|1982|0509,1120|7711|7720|2011|1977,2910|1029|1729|1710|2017,0901|2009|0101
U0621,779009,6,1992-12-19,1989-04-22,2015-06-08,2005-01-25,STRONG,,9212|1219|1912|9219|1992,1989|8904|0422|8922|2204,0806|1508|1506|0608|2015,0125|2501|0525|0501|2005
U0622,000000,6,2000-08-13,1997-12-25,2017-02-28,2020-02-05,WEAK,COMMON_PATTERN,0013|0813|1308|2000|0008,9712|2512|9725|1225|1997,0228|2802|1728|1702|2017,0502|2020|0205|2005|2002
U0623,654321,6,1993-02-06,1996-08-25,2017-09-21,2019-10-04,WEAK,COMMON_PATTERN,1993|9306|0602|0206|9302,1996|2508|9625|0825|9608,1721|1709|0921|2017|2109,2019|0410|1004|1910|1904
U0624,578727,6,1987-01-03,1991-02-25,2010-02-06,2020-06-13,STRONG,,1987|0301|8701|0103|8703,9102|9125|2502|0225|1991,2010|1006|1002|0602|0206,2006|2013|0613|1306|2020
U0625,835669,6,1994-07-09,1991-09-23,2017-11-26,2004-11-18,STRONG,,9407|9409|1994|0709|0907,9123|0923|2309|9109|1991,2611|1711|1726|2017|1126,2004|0411|1118|0418|1811
U0626,997820,6,1999-06-18,1995-07-09,2019-04-06,2016-11-11,STRONG,,1806|1999|9906|0618|9918,9507|1995|9509|0709|0907,1906|2019|0406|0604|1904,1611|2016|1111
U0627,395586,6,1996-07-26,1997-03-23,2016-04-29,2019-10-18,STRONG,,0726|1996|9607|9626|2607,2303|1997|9703|9723|0323,2904|0429|2016|1604|1629,2019|1918|1018|1810|1910
U0628,635882,6,1991-10-04,1987-11-29,2023-11-05,2021-11-08,STRONG,,9104|9110|0410|1004|1991,8729|1987|8711|1129|2911,1105|0511|2305|2311|2023,2021|1108|2111|0811|2108
U0629,258025,6,1998-09-20,2000-10-18,2024-06-09,2022-05-20,WEAK,COMMON_PATTERN,2009|1998|0920|9820|9809,0018|0010|1018|1810|2000,2409|0906|0609|2024|2406,2220|2205|0520|2022|2005
U0630,936969,6,1979-10-20,1982-11-05,2015-04-17,1997-03-30,STRONG,,2010|7910|7920|1979|1020,8211|1105|0511|8205|1982,1504|0417|1704|1517|2015,3003|1997|0330|9703|9730
U0631,896847,6,1991-02-14,1996-06-05,2012-07-27,2019-08-08,STRONG,,0214|9102|9114|1991|1402,0506|1996|0605|9606|9605,2707|1207|0727|2012|1227,0808|2019|1908
U0632,111111,6,1992-01-22,1993-03-30,2023-11-19,1996-10-04,WEAK,COMMON_PATTERN,0122|1992|2201|9222|9201,9330|1993|3003|9303|0330,2319|2311|2023|1119|1911,9610|1996|0410|1004|9604
U0633,880346,6,1983-07-17,1988-07-23,2024-04-18,2022-11-05,STRONG,,1707|0717|1983|8317|8307,8823|2307|8807|0723|1988,1804|2404|0418|2024|2418,2205|1105|0511|2022|2211
U0634,497711,6,1981-10-06,1981-03-12,2015-04-19,2005-02-16,STRONG,,1006|1981|0610|8106|8110,8103|1981|1203|8112|0312,1504|1519|1904|0419|2015,1602|0516|0502|0216|2005
U0635,812047,6,1986-02-10,1990-06-08,2016-07-06,2017-07-16,STRONG,,1986|1002|0210|8610|8602,1990|0806|0608|9006|9008,1606|1607|2016|0607|0706,1707|1607|1716|0716|2017
U0636,358773,6,1985-03-31,1987-10-31,2023-08-25,2002-10-08,STRONG,,3103|8531|0331|8503|1985,8731|1987|1031|3110|8710,2308|2508|0825|2325|2023,0208|0810|1008|0210|2002
U0637,626280,6,1990-02-20,1990-07-08,2021-01-24,2012-10-16,STRONG,,0220|1990|9020|9002|2002,1990|0807|0708|9008|9007,2101|2124|2021|2401|0124,1016|1216|1210|2012|1610
U0638,788084,6,1994-09-29,1991-10-06,2017-04-20,2015-01-04,STRONG,,2909|9409|0929|1994|9429,1006|9106|9110|0610|1991,0420|2004|1704|1720|2017,1504|0401|0104|1501|2015
U0639,654321,6,1975-10-10,1972-08-25,2010-09-09,2010-10-09,WEAK,COMMON_PATTERN,1010|1975|7510,7225|2508|0825|7208|1972,2010|1009|0909,1010|0910|1009|2010
U0640,078392,6,1970-01-16,1968-10-18,2021-08-15,2007-11-07,STRONG,,1970|0116|1601|7016|7001,1968|6810|1018|6818|1810,1508|2021|2115|0815|2108,2007|0711|1107|0707
U0641,955001,6,1980-05-20,1982-05-16,2010-07-07,1998-09-29,STRONG,,8005|0520|1980|8020|2005,0516|8205|1982|8216|1605,2010|1007|0707,9809|1998|2909|0929|9829
U0642,994617,6,1979-12-30,1980-04-28,2014-03-04,2023-03-24,STRONG,,1230|3012|7930|7912|1979,8004|8028|1980|0428|2804,0403|1403|1404|2014|0304,2403|2324|2303|0324|2023
U0643,291560,6,1987-06-13,1982-09-13,2012-07-28,2011-02-23,STRONG,,8706|1987|0613|1306|8713,8209|8213|0913|1309|1982,0728|1207|2807|2012|1228,1102|2302|0223|2011|1123
U0644,616087,6,1995-02-28,1992-07-18,2020-02-08,2017-09-02,STRONG,,1995|0228|9528|2802|9502,0718|9207|1807|9218|1992,0208|2008|0802|2020|2002,0902|1709|0209|1702|2017
U0645,988926,6,1985-01-08,1980-06-22,2011-06-27,2005-08-05,STRONG,,0108|8501|8508|0801|1985,8006|0622|2206|1980|8022,0627|2706|1106|1127|2011,2005|0508|0805|0505
U0646,123456,6,1976-03-01,1971-06-25,2014-05-29,2009-07-02,WEAK,COMMON_PATTERN,7601|1976|0301|7603|0103,0625|1971|2506|7106|7125,1429|1405|0529|2014|2905,2009|0902|0702|0207|0907
U0647,393200,6,1983-09-21,1980-10-30,2016-03-21,2004-04-26,STRONG,,1983|8321|0921|8309|2109,8010|3010|8030|1980|1030,1621|2103|2016|0321|1603,0426|2004|2604|0404
U0648,998775,6,1980-08-24,1979-10-11,2024-04-21,2006-06-02,STRONG,,8008|1980|0824|2408|8024,7911|1110|7910|1979|1011,2104|0421|2404|2024|2421,0606|0602|0206|2006
U0649,044359,6,1981-05-30,1977-12-07,2021-05-10,1997-05-20,STRONG,,1981|8105|3005|0530|8130,7707|1207|7712|0712|1977,2021|0510|2105|2110|1005,9705|9720|1997|0520|2005
U0650,104115,6,1990-12-04,1987-07-05,2021-03-22,2000-10-14,STRONG,,1990|1204|9004|0412|9012,8707|1987|8705|0507|0705,2021|2103|2203|0322|2122,1410|1014|0010|0014|2000
U0651,611294,6,1998-12-15,1995-09-11,2021-02-28,2011-10-17,STRONG,,1998|1512|1215|9815|9812,0911|9511|1995|9509|1109,2021|0228|2802|2102|2128,1110|1017|2011|1710|1117
U0652,000000,6,1988-05-04,1988-02-17,2020-07-13,2004-11-06,WEAK,COMMON_PATTERN,8804|8805|0504|0405|1988,8817|8802|1702|0217|1988,1307|0713|2013|2007|2020,2004|0611|0406|0411|1106
U0653,825309,6,1996-01-25,1994-01-22,2015-09-02,2020-12-24,STRONG,,0125|2501|9601|1996|9625,9422|0122|1994|2201|9401,0902|1502|0209|1509|2015,2412|2012|1224|2024|2020
U0654,654321,6,1983-11-02,1978-08-20,2010-07-29,2014-07-19,WEAK,COMMON_PATTERN,8311|1102|0211|1983|8302,7808|1978|2008|0820|7820,2010|2907|1007|0729|1029,1407|1907|2014|1419|0719
U0655,121212,6,1982-08-18,1979-01-16,2019-02-18,2009-05-03,WEAK,COMMON_PATTERN,8208|8218|1982|1808|0818,7901|7916|0116|1601|1979,2019|1918|1802|1902|0218,2009|0905|0503|0305|0903
U0656,877046,6,1993-10-10,1995-01-26,2011-12-15,2022-09-16,STRONG,,1010|9310|1993,9501|1995|0126|2601|9526,1115|1512|1112|1215|2011,0916|1609|2022|2216|2209
U0657,452924,6,1985-03-15,1988-02-26,2013-07-27,2009-05-10,STRONG,,0315|1503|8515|8503|1985,2602|8826|8802|0226|1988,2707|1327|1307|2013|0727,2009|0510|0910|0905|1005
U0658,058759,6,2001-02-22,2001-08-11,2021-07-26,1998-12-13,STRONG,,0102|0122|2001|0222|2202,0108|1108|0811|2001|0111,0726|2021|2107|2126|2607,1213|1998|9813|1312|9812
U0659,521026,6,1998-07-02,1999-02-22,2012-02-12,2013-11-24,STRONG,,9807|1998|0702|9802|0207,1999|9922|9902|0222|2202,2012|1202|0212|1212,2013|2411|1124|1311|1324
U0660,295451,6,1981-05-06,1977-10-19,2021-10-23,2001-09-14,STRONG,,1981|0506|0605|8105|8106,7710|1910|1019|7719|1977,2310|2021|2123|1023|2110,1409|0114|2001|0109|0914
U0661,341394,6,2003-06-18,2003-12-29,2019-04-29,2015-12-04,STRONG,,0306|1806|0318|0618|2003,2912|1229|0329|0312|2003,2019|2904|0429|1929|1904,1504|1204|1512|0412|2015
U0662,791911,6,1971-10-27,1968-01-22,2015-06-17,2006-02-15,STRONG,,1971|7110|7127|2710|1027,1968|6822|6801|0122|2201,1706|1506|1517|0617|2015,1502|2006|0615|0602|0215
U0663,598517,6,1975-08-15,1976-12-04,2019-03-22,2000-02-15,STRONG,,1975|1508|0815|7508|7515,1976|1204|7612|7604|0412,2019|2203|1903|1922|0322,0015|1502|0215|2000|0002
U0664,643791,6,1970-05-04,1974-08-30,2024-03-14,2005-02-02,STRONG,,7005|1970|0504|7004|0405,0830|3008|1974|7408|7430,2403|2414|1403|0314|2024,2005|0502|0202
U0665,055813,6,1971-10-25,1975-09-07,2019-01-17,1996-11-24,STRONG,,1025|2510|1971|7110|7125,1975|7507|0709|0907|7509,1701|2019|0117|1901|1917,2411|1996|1124|9611|9624
U0666,655226,6,1988-07-18,1991-12-03,2019-12-04,2014-12-09,STRONG,,8818|0718|1807|8807|1988,1203|9103|9112|0312|1991,2019|1204|1912|0412|1904,1409|0912|1412|2014|1209
U0667,514488,6,1997-07-27,1992-06-30,2022-05-27,1996-04-14,STRONG,,2707|9707|0727|1997|9727,3006|0630|9206|1992|9230,2205|2705|0527|2227|2022,1996|0414|9614|1404|9604
U0668,393598,6,1998-11-09,1997-07-13,2022-05-11,1996-01-18,STRONG,,0911|9811|1998|1109|9809,9707|1307|0713|9713|1997,2205|1105|0511|2022|2211,0118|9601|1996|1801|9618
U0669,123456,6,1977-03-25,1976-11-14,2024-02-17,1998-01-01,WEAK,COMMON_PATTERN,0325|7703|7725|1977|2503,7611|1976|7614|1114|1411,2417|1702|2402|2024|0217,1998|9801|0101
U0670,000000,6,1982-01-06,1983-07-06,2016-01-30,2010-03-02,WEAK,COMMON_PATTERN,0601|8206|8201|1982|0106,1983|0607|8306|8307|0706,0130|2016|1630|1601|3001,0302|2010|1002|1003|0203
U0671,431373,6,1998-07-14,1999-06-18,2014-07-24,2022-08-02,STRONG,,9807|1407|9814|1998|0714,1806|1999|9906|0618|9918,1407|2407|1424|2014|0724,0208|2208|0802|2022|2202
U0672,513946,6,1980-01-19,1979-06-09,2012-05-10,2016-11-13,STRONG,,8019|1901|1980|8001|0119,7909|0906|0609|7906|1979,0510|1210|1205|2012|1005,1113|2016|1613|1311|1611
U0673,881575,6,1997-08-31,1993-06-25,2023-10-04,2016-08-21,STRONG,,0831|9708|3108|9731|1997,9325|0625|1993|9306|2506,2310|0410|1004|2304|2023,0821|1621|2016|2108|1608
U0674,986552,6,1994-04-28,1992-05-19,2012-07-04,2008-02-26,STRONG,,9404|1994|0428|9428|2804,1905|0519|9219|1992|9205,1207|1204|2012|0704|0407,0826|2602|2008|0802|0226
U0675,754619,6,1971-09-22,1974-10-30,2022-06-14,2014-07-02,STRONG,,0922|1971|7109|7122|2209,3010|7410|1974|7430|1030,1406|2206|2214|2022|0614,1407|0702|0207|2014|1402
U0676,252346,6,1984-09-05,1988-06-23,2023-12-03,2018-12-11,STRONG,,8409|8405|0905|0509|1984,0623|8823|2306|8806|1988,1203|2312|2303|0312|2023,1811|1112|1812|2018|1211
U0677,654321,6,1987-05-23,1992-04-02,2011-08-05,2016-06-25,WEAK,COMMON_PATTERN,0523|1987|8705|8723|2305,9204|9202|1992|0204|0402,1105|1108|0508|0805|2011,1606|1625|0625|2016|2506
U0678,322282,6,2003-06-18,1998-08-23,2015-07-23,1997-08-30,STRONG,,0306|1806|0318|0618|2003,2308|0823|1998|9823|9808,1523|1507|2307|0723|2015,9708|0830|3008|1997|9730
U0679,654321,6,1982-04-28,1978-06-08,2013-07-17,1998-01-12,WEAK,COMMON_PATTERN,8228|8204|1982|0428|2804,0806|7808|1978|0608|7806,1707|1307|1317|0717|2013,1201|1998|0112|9812|9801
U0680,654321,6,1980-08-23,1975-02-19,2010-12-22,2012-06-03,WEAK,COMMON_PATTERN,8008|2308|0823|8023|1980,1975|7519|7502|0219|1902,2010|1022|2212|1012|1222,0306|1203|1206|2012|0603
U0681,493268,6,1985-11-15,1988-10-05,2011-10-30,2005-06-01,STRONG,,8511|1511|1115|8515|1985,0510|8805|8810|1005|1988,1130|3010|1110|2011|1030,0601|0506|0106|0501|2005
U0682,809767,6,1996-06-03,1997-07-17,2012-12-14,2004-03-26,STRONG,,0306|1996|9606|9603|0603,1707|9707|0717|1997|9717,2012|1412|1212|1214,0426|2004|0326|0403|2603
U0683,297409,6,1982-02-25,1983-09-17,2015-09-05,2002-09-27,STRONG,,8202|8225|2502|1982|0225,1983|1709|8317|0917|8309,1505|0905|1509|0509|2015,2709|0209|0227|0927|2002
U0684,577286,6,1985-10-09,1985-06-28,2024-04-25,2007-09-03,STRONG,,0910|8510|8509|1009|1985,2806|8528|0628|8506|1985,0425|2425|2404|2504|2024,0309|0703|2007|0903|0709
U0685,050156,6,1993-04-16,1995-12-31,2016-04-01,2011-07-27,STRONG,,9316|0416|1993|1604|9304,9531|9512|1231|1995|3112,2016|1604|0104|0401|1601,2707|1107|0727|1127|2011
U0686,504300,6,1979-03-17,1977-02-06,2022-07-31,1998-06-20,STRONG,,1703|7903|7917|0317|1979,7706|7702|0602|0206|1977,2207|2231|0731|2022|3107,2006|9806|1998|0620|9820
U0687,113503,6,1979-03-10,1978-01-27,2012-08-29,2007-08-31,STRONG,,7903|0310|1003|7910|1979,0127|1978|7827|2701|7801,0829|2012|1208|2908|1229,0831|3108|0731|2007|0708
U0688,691074,6,1995-05-20,1998-12-26,2016-11-10,2016-02-21,STRONG,,9505|9520|1995|0520|2005,1998|2612|9826|9812|1226,2016|1610|1110|1611|1011,1602|1621|2016|2102|0221
U0689,066138,6,1981-05-08,1980-04-21,2013-08-02,2001-03-26,STRONG,,8108|1981|0508|0805|8105,8021|8004|2104|0421|1980,0208|1302|2013|0802|1308,0126|2001|0326|2603|0103
U0690,240220,6,1970-04-29,1966-10-11,2019-01-25,2006-03-13,STRONG,,7029|1970|2904|0429|7004,6610|1110|1966|6611|1011,0125|2019|2501|1901|1925,2006|0613|1303|0313|0603
U0691,979739,6,1992-05-04,1996-04-18,2024-03-08,1995-10-14,STRONG,,9204|0504|1992|9205|0405,1996|1804|0418|9604|9618,0308|2403|0803|2408|2024,1410|9514|1014|1995|9510
U0692,520905,6,1995-08-20,1996-07-19,2019-10-04,2015-05-13,STRONG,,9508|9520|1995|2008|0820,1907|1996|9607|9619|0719,2019|0410|1004|1910|1904,1505|1305|0513|1513|2015
U0693,486876,6,1987-06-09,1989-02-15,2016-10-06,2018-04-26,STRONG,,8709|8706|1987|0906|0609,1502|8902|8915|0215|1989,1606|1006|2016|1610|0610,0426|1826|1804|2018|2604
U0694,341786,6,1999-01-20,2000-02-14,2017-08-06,2011-12-26,STRONG,,0120|9901|9920|1999|2001,0214|0014|0002|2000|1402,1708|0806|1706|0608|2017,1112|2612|2011|1226|1126
U0695,394176,6,1977-12-05,1976-02-03,2015-10-02,2010-11-21,STRONG,,7712|7705|1205|0512|1977,0302|1976|7602|7603|0203,1502|0210|1002|1510|2015,2010|2111|1021|1121|1011
U0696,590118,6,1984-11-10,1983-06-07,2024-03-12,2007-03-11,STRONG,,8410|1110|8411|1011|1984,1983|0607|8306|8307|0706,2403|2412|1203|0312|2024,0311|1103|0711|0703|2007
U0697,121212,6,1987-06-02,1982-11-03,2020-09-19,1997-06-21,WEAK,COMMON_PATTERN,8706|1987|0602|0206|8702,0311|8211|1103|1982|8203,2009|0919|2019|1909|2020,2106|1997|9706|9721|0621
U0698,944330,6,2003-04-28,1998-07-29,2018-06-09,1999-08-13,STRONG,,2804|0328|2003|0428|0304,2907|9807|1998|0729|9829,1806|0906|2018|0609|1809,0813|9913|9908|1999|1308
U0699,710454,6,1986-08-30,1989-06-17,2016-11-06,2016-04-21,STRONG,,8630|0830|1986|3008|8608,8906|8917|1706|0617|1989,1606|0611|2016|1106|1611,1621|2016|1604|2104|0421
U0700,922277,6,2000-05-20,2002-07-07,2012-09-02,1998-03-21,STRONG,,0020|0520|0005|2005|2000,0207|0707|2002,0902|0209|2012|1202|1209,0321|2103|1998|9821|9803
U0701,121212,6,1999-07-10,1997-09-01,2020-11-28,2005-05-04,WEAK,COMMON_PATTERN,9907|1007|0710|1999|9910,9709|9701|1997|0109|0901,1128|2028|2811|2011|2020,0505|0405|2005|0504
U0702,310346,6,1981-08-17,1980-06-08,2019-01-04,2005-01-23,STRONG,,0817|1708|1981|8108|8117,8008|0806|8006|0608|1980,2019|0401|0104|1901|1904,0523|2301|0123|0501|2005
U0703,735720,6,2001-02-15,1999-02-21,2021-10-23,1995-01-20,STRONG,,0102|1502|0115|2001|0215,9921|1999|2102|0221|9902,2310|2021|2123|1023|2110,9501|0120|9520|1995|2001
U0704,746918,6,1970-04-25,1968-06-24,2017-01-04,1999-11-15,STRONG,,1970|0425|7004|7025|2504,1968|0624|6824|6806|2406,1701|0401|0104|1704|2017,1511|1115|9911|1999|9915
U0705,743961,6,1997-06-03,1997-09-05,2014-06-05,2011-10-20,STRONG,,0306|1997|9706|9703|0603,9705|9709|0905|1997|0509,1406|0506|0605|1405|2014,2010|1120|1110|2011|1020
U0706,912583,6,1990-07-11,1985-12-20,2019-03-16,2007-11-04,STRONG,,9011|1990|1107|0711|9007,8512|8520|2012|1220|1985,2019|0316|1916|1903|1603,0411|1104|0704|0711|2007
U0707,306818,6,1974-01-14,1970-03-08,2023-07-12,2003-04-27,STRONG,,1401|7401|0114|1974|7414,0308|1970|0803|7003|7008,1207|2312|0712|2307|2023,0427|0327|2003|2704|0304
U0708,564169,6,2000-01-21,1995-08-19,2013-11-17,2011-12-21,STRONG,,2101|0001|0021|0121|2000,9508|9519|1995|1908|0819,1317|2013|1311|1711|1117,1221|1112|1121|2112|2011
U0709,258025,6,1970-03-17,1966-01-08,2021-01-07,2016-10-02,WEAK,COMMON_PATTERN,1703|1970|0317|7003|7017,0108|0801|6601|1966|6608,2101|0107|2021|2107|0701,1602|2016|0210|1610|1002
U0710,284442,6,1990-01-22,1987-09-20,2012-04-15,2006-02-27,STRONG,,1990|9022|0122|9001|2201,8709|2009|1987|0920|8720,1504|1204|2012|1215|0415,0627|2006|0227|0602|2702
U0711,489640,6,1984-05-14,1984-10-19,2014-05-13,1999-07-01,STRONG,,8414|8405|0514|1405|1984,8419|8410|1910|1019|1984,1413|1305|1405|0513|2014,9907|0107|9901|1999|0701
U0712,583720,6,1974-09-13,1974-02-07,2016-05-12,1996-07-06,STRONG,,7409|0913|1309|1974|7413,7402|0702|1974|0207|7407,1612|2016|1205|0512|1605,1996|9607|9606|0607|0706
U0713,989647,6,1999-02-20,2001-05-29,2015-09-15,1997-02-11,STRONG,,0220|9920|1999|9902|2002,0129|0105|0529|2001|2905,1515|1509|0915|2015,1102|0211|9702|1997|9711
U0714,192554,6,1993-12-15,1994-03-14,2011-03-25,2011-11-21,STRONG,,9312|1993|9315|1512|1215,1994|9403|1403|0314|9414,1103|0325|2011|1125|2503,2111|1121|1111|2011
U0715,279907,6,1974-02-11,1977-02-18,2021-10-03,2020-06-29,STRONG,,1102|7402|0211|1974|7411,7702|1802|7718|0218|1977,0310|2021|2103|1003|2110,0629|2906|2006|2029|2020
U0716,064276,6,1993-11-25,1989-09-10,2022-11-29,2011-05-09,STRONG,,9325|2511|1993|9311|1125,8909|0910|8910|1009|1989,2229|1129|2022|2911|2211,1105|0905|2011|0509|1109
U0717,054623,6,1970-03-29,1973-05-17,2016-01-04,1996-08-05,STRONG,,7029|1970|2903|7003|0329,7317|1705|7305|1973|0517,2016|0104|1604|0401|1601,1996|0508|0805|9605|9608
U0718,487640,6,1976-03-15,1971-08-03,2019-08-01,2020-06-27,STRONG,,1976|0315|7603|1503|7615,0308|0803|1971|7103|7108,0108|2019|0801|1901|1908,0627|2706|2027|2006|2020
U0719,509500,6,1983-03-18,1986-07-07,2012-03-18,2003-02-08,STRONG,,1983|8303|0318|8318|1803,0707|8607|1986,1218|1203|0318|2012|1803,0302|0208|0308|0802|2003
U0720,767256,6,1999-09-17,1999-10-25,2011-12-13,2014-03-11,STRONG,,9917|1709|9909|1999|0917,1025|2510|9925|1999|9910,1113|1213|1112|1312|2011,0311|1103|1403|2014|1411
U0721,147492,6,1978-01-01,1978-02-20,2020-04-05,2011-02-01,STRONG,,1978|7801|0101,0220|7802|1978|7820|2002,2004|2020|0405|0504|2005,1102|0102|0201|2011|1101
U0722,256886,6,1997-06-22,1998-01-02,2020-02-25,2018-05-20,STRONG,,9722|0622|2206|1997|9706,0102|1998|0201|9802|9801,2502|2025|0225|2020|2002,2018|1805|0520|1820|2005
U0723,204126,6,1977-09-03,1974-04-28,2024-10-28,2023-08-10,STRONG,,7709|0309|7703|0903|1977,7428|7404|1974|0428|2804,2410|2428|1028|2024|2810,2310|0810|2308|1008|2023
U0724,160003,6,1975-05-06,1976-12-12,2016-07-21,2005-06-06,STRONG,,1975|7506|0506|0605|7505,1212|1976|7612,1621|2107|1607|2016|0721,0506|0606|2005
U0725,654321,6,1981-05-25,1985-03-08,2015-11-21,2019-11-26,WEAK,COMMON_PATTERN,1981|2505|8105|8125|0525,0308|0803|8508|8503|1985,1511|2111|1121|1521|2015,2611|2019|1911|1926|1126
U0726,111111,6,1982-10-17,1980-08-18,2020-02-12,2001-02-08,WEAK,COMMON_PATTERN,1017|8217|1982|1710|8210,8008|1980|8018|1808|0818,0212|2012|1202|2020|2002,0208|0102|0108|0802|2001
U0727,123456,6,1972-05-10,1974-04-11,2024-11-10,2002-02-19,WEAK,COMMON_PATTERN,0510|7210|7205|1972|1005,7404|0411|1104|1974|7411,2411|2410|1110|2024|1011,1902|0202|0219|2002
U0728,258566,6,2003-01-18,2007-08-28,2014-12-23,2014-01-01,STRONG,,0118|0318|0301|1801|2003,0728|2808|0828|2007|0708,2014|2312|1423|1412|1223,2014|1401|0101
U0729,518471,6,1993-07-30,1992-01-16,2019-09-09,2009-11-16,STRONG,,9330|1993|0730|3007|9307,0116|1601|1992|9201|9216,1909|0909|2019,0916|2009|0911|1611|1116
U0730,216586,6,1978-02-21,1980-04-03,2019-11-03,1996-03-04,STRONG,,7821|7802|1978|2102|0221,8003|8004|1980|0403|0304,0311|1103|2019|1903|1911,1996|0403|9603|9604|0304
U0731,326370,6,1978-11-12,1975-03-27,2012-10-25,1995-11-14,STRONG,,7812|1978|7811|1112|1211,1975|2703|7527|0327|7503,1025|2510|1210|2012|1225,9514|9511|1995|1114|1411
U0732,641728,6,1988-11-10,1993-06-24,2013-04-23,1998-11-05,STRONG,,8811|1110|8810|1011|1988,1993|9306|0624|9324|2406,2013|1323|1304|0423|2304,9805|1105|1998|0511|9811
U0733,252656,6,1976-09-15,1979-02-12,2020-02-29,2021-01-21,STRONG,,7609|1976|1509|0915|7615,0212|7902|1202|7912|1979,2902|2029|2020|0229|2002,2101|2121|2021|0121
U0734,654321,6,1975-02-11,1979-05-29,2011-05-28,2012-09-03,WEAK,COMMON_PATTERN,1975|1102|7511|0211|7502,7929|0529|1979|7905|2905,1128|1105|2805|0528|2011,1203|0309|2012|0903|1209
U0735,306911,6,2001-11-16,1999-12-12,2023-03-09,1998-02-23,STRONG,,0116|2001|0111|1611|1116,1999|9912|1212,0309|2309|2303|0903|2023,1998|2302|0223|9823|9802
U0736,039771,6,1970-12-31,1966-07-14,2016-11-02,1996-11-17,STRONG,,1970|7012|1231|3112|7031,1407|6607|0714|1966|6614,1602|1102|0211|2016|1611,9617|1996|9611|1711|1117
U0737,654321,6,1998-09-30,1994-02-01,2014-10-21,2023-04-12,WEAK,COMMON_PATTERN,1998|3009|9830|0930|9809,0102|0201|1994|9401|9402,1410|2014|1021|2110|1421,1204|2312|0412|2304|2023
U0738,989855,6,1992-05-02,1997-10-28,2022-05-23,1996-07-13,STRONG,,0502|9202|1992|0205|9205,9710|1997|1028|2810|9728,2205|0523|2305|2022|2223,1307|0713|1996|9607|9613
U0739,260586,6,1988-06-30,1991-04-05,2010-01-18,2003-08-25,STRONG,,3006|0630|8830|8806|1988,9104|9105|0504|0405|1991,2010|0118|1018|1001|1801,0308|0325|2508|0825|2003
U0740,111111,6,1983-07-21,1978-10-21,2018-08-16,2000-08-02,WEAK,COMMON_PATTERN,1983|2107|8321|8307|0721,7821|1978|7810|1021|2110,0816|1816|2018|1808|1608,0208|0802|0008|2000|0002
U0741,027569,6,1992-02-07,1987-01-31,2022-05-25,2016-09-12,STRONG,,9207|0702|9202|0207|1992,8731|1987|0131|3101|8701,2225|2205|2505|2022|0525,1612|1609|0912|2016|1209
U0742,258025,6,1972-03-14,1967-02-21,2014-06-02,2021-06-02,WEAK,COMMON_PATTERN,7214|7203|1403|0314|1972,1967|6721|6702|2102|0221,1406|0602|0206|2014|1402,2021|2106|0602|2102|0206
U0743,984785,6,2000-09-18,1997-02-06,2014-09-01,1998-09-25,STRONG,,0009|0018|0918|1809|2000,9702|9706|0602|1997|0206,1409|1401|2014|0109|0901,1998|9825|0925|2509|9809
U0744,000000,6,1972-10-10,1977-12-21,2022-02-08,2006-12-13,WEAK,COMMON_PATTERN,1010|7210|1972,7721|7712|1221|2112|1977,0208|2208|0802|2022|2202,1213|2006|0613|1312|0612
U0745,000000,6,1996-08-03,1998-07-11,2016-10-13,1997-01-12,WEAK,COMMON_PATTERN,0308|1996|0803|9608|9603,9807|1107|9811|1998|0711,1310|1013|2016|1613|1610,1201|9712|9701|0112|1997
U0746,121212,6,1993-12-07,1988-04-23,2019-10-20,1998-10-21,WEAK,COMMON_PATTERN,1207|9312|1993|0712|9307,8804|0423|8823|2304|1988,2010|2019|1910|1920|1020,1998|1021|9821|9810|2110
U0747,431201,6,1970-03-02,1965-09-24,2014-01-06,2018-10-06,STRONG,,0302|1970|7003|7002|0203,2409|6524|1965|6509|0924,1406|0601|1401|2014|0106,1006|1806|1810|2018|0610
U0748,218943,6,1998-08-14,1997-12-14,2011-03-16,2016-08-15,STRONG,,1408|0814|9814|1998|9808,9712|9714|1214|1412|1997,1103|0316|2011|1116|1603,1508|0815|2016|1608|1615
U0749,871534,6,1971-04-14,1975-05-27,2015-08-12,2017-03-18,STRONG,,1971|7104|0414|1404|7114,1975|2705|0527|7527|7505,1508|1512|1208|0812|2015,1703|0318|1718|2017|1803
U0750,654321,6,1974-09-23,1970-12-09,2024-07-05,2010-03-03,WEAK,COMMON_PATTERN,7409|1974|0923|2309|7423,1970|7012|0912|7009|1209,2407|0507|2405|0705|2024,2010|1003|0303
U0751,599894,6,1977-12-26,1981-05-07,2024-08-19,2011-04-24,STRONG,,7712|2612|7726|1226|1977,1981|0507|8105|0705|8107,2419|2408|1908|0819|2024,0424|1124|1104|2011|2404
U0752,177542,6,1976-11-19,1976-11-25,2014-07-29,2015-01-19,STRONG,,7619|7611|1976|1119|1911,7611|1976|2511|1125|7625,2907|1407|1429|0729|2014,1519|1501|1901|0119|2015
U0753,135579,6,1984-11-25,1983-04-16,2021-02-15,2000-08-07,STRONG,,8425|2511|1125|8411|1984,0416|1983|8304|1604|8316,1502|2021|2115|2102|0215,0007|0807|0708|2000|0008
U0754,065267,6,1979-10-22,1977-03-10,2015-12-14,1996-08-11,STRONG,,7922|1022|7910|2210|1979,0310|7710|1003|7703|1977,1514|1214|1512|1412|2015,1996|1108|0811|9611|9608
U0755,258025,6,1974-08-12,1969-07-21,2017-12-06,2015-11-13,WEAK,COMMON_PATTERN,1974|7408|7412|1208|0812,6907|1969|2107|6921|0721,1706|1206|1712|0612|2017,1511|1113|1311|1513|2015
U0756,863952,6,2000-10-03,2001-04-29,2013-05-21,2020-11-27,STRONG,,0310|0010|0003|1003|2000,0129|2904|0429|0104|2001,0521|2013|2105|1305|1321,2027|2711|1127|2011|2020
U0757,258025,6,1992-04-02,1990-10-26,2015-05-21,2011-10-17,WEAK,COMMON_PATTERN,9204|9202|1992|0204|0402,1990|9026|9010|2610|1026,0521|1505|2105|1521|2015,1110|1017|2011|1710|1117
U0758,997817,6,1989-05-15,1990-06-12,2016-05-09,2018-11-11,STRONG,,8905|0515|1505|8915|1989,1990|1206|9006|0612|9012,1609|2016|0905|1605|0509,2018|1811|1111
U0759,123456,6,2002-12-09,1997-08-26,2013-11-17,2019-09-20,WEAK,COMMON_PATTERN,0212|0912|0209|1209|2002,9708|0826|1997|2608|9726,1317|2013|1311|1711|1117,2009|2019|0920|1920|1909
U0760,896287,6,1994-12-18,1998-10-31,2014-08-22,2016-02-29,STRONG,,1218|9418|1994|1812|9412,1031|1998|3110|9831|9810,1408|2208|1422|0822|2014,1602|2016|2902|0229|1629
U0761,062567,6,1984-05-12,1981-03-26,2011-01-03,2002-01-17,STRONG,,8405|1205|0512|8412|1984,8103|8126|1981|0326|2603,1103|0301|2011|1101|0103,1701|0201|0117|0217|2002
U0762,396814,6,1991-09-27,1996-11-30,2017-12-30,2011-09-06,STRONG,,2709|0927|9109|1991|9127,1130|1996|3011|9611|9630,1230|1730|3012|1712|2017,1106|0906|0609|2011|1109
U0763,923370,6,1974-03-17,1977-12-09,2016-06-14,2009-10-16,STRONG,,1703|0317|7417|1974|7403,7709|1209|7712|0912|1977,1606|1406|2016|1614|0614,0916|2009|1016|0910|1610
U0764,695244,6,1983-05-16,1978-02-20,2021-11-03,2006-07-23,STRONG,,0516|1983|8305|1605|8316,0220|7802|1978|7820|2002,0311|1103|2021|2103|2111,2006|0623|2307|0607|0723
U0765,560293,6,2001-02-15,2004-01-12,2010-04-25,2023-06-05,STRONG,,0102|1502|0115|2001|0215,1201|2004|0401|0112|0412,2010|1025|0425|1004|2504,0506|0605|2305|2306|2023
U0766,953904,6,1982-01-02,1977-12-12,2013-02-03,2000-12-31,STRONG,,8202|0102|0201|8201|1982,1977|1212|7712,0302|1302|2013|1303|0203,0012|1231|0031|3112|2000
U0767,255977,6,1972-07-19,1974-08-22,2024-06-02,2007-03-07,STRONG,,7207|1907|7219|1972|0719,2208|0822|7422|1974|7408,2406|0602|0206|2024|2402,2007|0707|0703|0307
U0768,000000,6,1972-04-24,1976-09-03,2015-02-11,1996-12-10,WEAK,COMMON_PATTERN,0424|1972|7204|2404|7224,7609|1976|0309|7603|0903,1102|1511|1502|0211|2015,9610|1996|1210|9612|1012
U0769,387964,6,1982-12-13,1979-07-01,2010-04-26,1995-09-08,STRONG,,8213|8212|1213|1312|1982,7901|0107|7907|1979|0701,2010|0426|1004|1026|2604,9508|0809|1995|0908|9509
U0770,829441,6,1990-11-19,1987-07-01,2011-05-22,2002-11-22,STRONG,,9011|1990|9019|1119|1911,8707|0107|1987|8701|0701,2205|1105|0522|2011|1122,0211|0222|1122|2211|2002
U0771,111111,6,1984-09-30,1979-07-28,2022-01-20,2022-06-15,WEAK,COMMON_PATTERN,8430|8409|3009|0930|1984,0728|7928|2807|7907|1979,2220|0120|2001|2022|2201,2215|1506|2206|0615|2022
U0772,654321,6,1971-01-19,1973-09-05,2021-07-10,2001-06-20,WEAK,COMMON_PATTERN,1971|7101|1901|0119|7119,0905|7305|1973|7309|0509,1007|2021|2107|0710|2110,0120|2006|0620|2001|0106
U0773,969576,6,1975-05-21,1973-06-10,2023-05-30,2009-02-03,STRONG,,7521|1975|0521|2105|7505,1006|7310|1973|0610|7306,2330|2305|3005|0530|2023,0302|2009|0902|0903|0203
U0774,111111,6,1993-06-08,1992-03-18,2020-11-03,2021-02-22,WEAK,COMMON_PATTERN,0806|1993|9306|0608|9308,0318|9218|1992|9203|1803,0311|1103|2011|2020|2003,2021|2102|0222|2202|2122
U0775,175985,6,1993-05-20,1989-12-22,2014-08-01,2023-07-29,STRONG,,9305|1993|9320|0520|2005,8912|8922|2212|1989|1222,0108|1401|1408|0801|2014,2907|2329|0729|2307|2023
U0776,733072,6,1998-10-16,2003-12-01,2024-02-21,2022-03-23,STRONG,,1016|1998|9816|1610|9810,1201|0301|0112|0312|2003,2102|0221|2024|2402|2421,2203|2303|2022|2223|0323
U0777,008891,6,1976-09-13,1974-04-04,2021-02-14,1996-06-05,STRONG,,7609|1976|0913|1309|7613,7404|1974|0404,0214|2021|2114|2102|1402,0506|1996|0605|9606|9605
U0778,419185,6,2000-12-22,2002-11-21,2014-07-09,2007-10-14,STRONG,,0012|0022|2212|1222|2000,0211|2111|1121|0221|2002,1409|1407|2014|0709|0907,1410|1014|0710|0714|2007
U0779,000000,6,1990-01-13,1986-02-02,2019-09-05,1999-02-22,WEAK,COMMON_PATTERN,1990|9013|9001|1301|0113,0202|8602|1986,1905|2019|0905|1909|0509,1999|9922|9902|0222|2202
U0780,516049,6,1995-09-21,1990-07-27,2017-04-29,2023-09-22,STRONG,,1995|0921|9521|9509|2109,9027|1990|2707|0727|9007,2904|0429|1704|1729|2017,2322|0922|2309|2023|2209
U0781,121212,6,1988-06-19,1992-10-16,2015-06-18,2016-08-25,WEAK,COMMON_PATTERN,1906|0619|8806|8819|1988,1016|9210|1610|1992|9216,1806|1506|1518|0618|2015,1625|2016|2508|0825|1608
U0782,079744,6,1991-09-20,1989-04-15,2010-03-27,2019-05-17,STRONG,,2009|9120|0920|9109|1991,1504|8915|8904|1989|0415,2010|2703|1003|0327|1027,1905|2019|1705|0517|1917
U0783,227942,6,1986-05-05,1988-03-15,2016-10-31,2002-06-04,STRONG,,0505|8605|1986,8803|0315|8815|1503|1988,1031|3110|2016|1610|1631,0406|0604|0206|0204|2002
U0784,100098,6,1992-04-09,1988-10-10,2023-02-14,2019-02-23,STRONG,,9204|0409|9209|0904|1992,1010|8810|1988,0214|2302|2314|2023|1402,2019|2302|0223|1923|1902
U0785,251554,6,2000-02-16,2005-11-18,2022-11-05,2022-09-11,STRONG,,1602|0016|0216|2000|0002,0511|1118|0518|2005|1811,2205|1105|0511|2022|2211,0911|2022|2211|1109|2209
U0786,111111,6,1985-09-25,1980-04-27,2011-01-04,1996-07-01,WEAK,COMMON_PATTERN,8525|0925|2509|8509|1985,8004|0427|8027|1980|2704,0401|0104|1104|2011|1101,0107|1996|9601|9607|0701
U0787,123456,6,2001-09-20,1999-11-07,2022-02-08,2016-04-01,WEAK,COMMON_PATTERN,2009|0120|0920|2001|0109,1107|9907|9911|1999|0711,0208|2208|0802|2022|2202,2016|1604|0104|0401|1601
U0788,506129,6,1989-07-08,1992-01-20,2020-09-14,2018-04-04,STRONG,,8907|0807|8908|0708|1989,0120|9220|2001|1992|9201,2009|1409|2014|0914|2020,1804|2018|0404
U0789,022983,6,1996-07-14,1997-12-20,2024-05-18,2004-07-18,STRONG,,1407|1996|9607|9614|0714,9712|9720|2012|1997|1220,2405|1805|0518|2024|2418,0718|2004|1807|0418|0407
U0790,121212,6,1998-06-06,2001-02-18,2019-10-04,1999-10-21,WEAK,COMMON_PATTERN,9806|1998|0606,0102|0118|1802|2001|0218,2019|0410|1004|1910|1904,9921|1021|1999|2110|9910
U0791,754291,6,2001-12-11,2001-04-15,2010-11-13,2005-06-29,STRONG,,0112|1112|2001|0111|1211,1504|0104|0115|2001|0415,2010|1113|1013|1311|1011,0629|2906|0506|0529|2005
U0792,841261,6,1996-10-17,2000-10-14,2012-04-10,1997-07-23,STRONG,,9610|9617|1996|1017|1710,1410|1014|0010|0014|2000,1204|1210|1004|2012|0410,9707|1997|2307|9723|0723
U0793,779153,6,1992-02-12,1993-11-10,2022-05-29,2013-09-05,STRONG,,0212|9212|1202|9202|1992,1993|9311|1110|9310|1011,2229|2205|0529|2022|2905,2013|1309|0905|1305|0509
U0794,121212,6,1970-05-08,1969-01-09,2017-02-16,1996-04-17,WEAK,COMMON_PATTERN,7005|1970|0508|0805|7008,1969|6901|6909|0109|0901,1602|1716|0216|1702|2017,9617|1996|0417|1704|9604
U0795,258025,6,1979-02-03,1982-03-26,2023-05-10,2001-04-10,WEAK,COMMON_PATTERN,0302|7903|7902|1979|0203,0326|1982|2603|8203|8226,2310|0510|2305|1005|2023,0104|1004|0410|2001|0110
U0796,142870,6,2001-01-07,2000-04-30,2011-11-10,1998-03-21,STRONG,,0701|0107|2001|0101,0430|0004|0030|3004|2000,1110|1011|1111|2011,0321|2103|1998|9821|9803
U0797,913539,6,1983-05-14,1979-02-05,2024-04-10,1995-01-09,STRONG,,8314|1983|0514|1405|8305,0502|7902|0205|1979|7905,2410|0410|1004|2404|2024,9501|1995|0109|0901|9509
U0798,833008,6,2002-04-16,1997-02-28,2020-08-13,2009-09-14,STRONG,,0416|1604|0204|0216|2002,9702|0228|2802|1997|9728,2013|0813|2008|1308|2020,0914|0909|1409|2009
U0799,155158,6,1970-02-04,1966-02-05,2016-11-10,2006-09-17,STRONG,,1970|7004|0204|7002|0402,0502|6605|6602|1966|0205,2016|1610|1110|1611|1011,2006|1709|0609|0617|0917
U0800,851116,6,1983-03-17,1978-02-24,2023-04-08,2007-08-14,STRONG,,1703|1983|8303|0317|8317,7802|1978|0224|7824|2402,0804|2308|0408|2304|2023,1408|0814|0714|2007|0708
U0801,073281,6,1976-02-27,1979-11-09,2012-04-05,2020-08-24,STRONG,,1976|7602|0227|2702|7627,0911|7911|7909|1979|1109,1204|1205|2012|0504|0405,2008|0824|2408|2024|2020
U0802,654321,6,1992-08-15,1997-11-02,2016-10-21,2008-07-25,WEAK,COMMON_PATTERN,9215|1508|0815|1992|9208,1102|0211|9702|1997|9711,1621|2016|1021|1610|2110,0725|0807|2008|0825|2507
U0803,011250,6,1984-11-05,1980-05-21,2012-12-29,2004-09-13,STRONG,,1105|0511|8405|8411|1984,8005|0521|8021|2105|1980,2012|2912|1212|1229,0413|0409|2004|0913|1309
U0804,123456,6,1982-05-11,1986-04-26,2022-10-12,2016-06-08,WEAK,COMMON_PATTERN,8211|1105|0511|8205|1982,0426|1986|8604|8626|2604,1210|2022|2210|2212|1012,1606|0806|2016|0608|1608
U0805,020563,6,2001-06-07,2006-09-10,2018-04-19,1996-08-03,STRONG,,0107|2001|0607|0106|0706,2006|0910|0609|0610|1009,1804|2018|1904|0419|1819,0308|1996|0803|9608|9603
U0806,803091,6,2001-04-09,2001-08-13,2014-02-23,2013-01-15,STRONG,,0409|0904|0104|2001|0109,0108|0813|2001|1308|0113,2302|0223|1423|2014|1402,2013|1315|1501|0115|1301
U0807,878244,6,2000-07-30,2004-09-07,2016-02-23,2014-05-18,STRONG,,0007|0030|0730|3007|2000,0409|2004|0407|0709|0907,1602|2302|2016|0223|1623,1418|1405|1805|2014|0518
U0808,620997,6,2002-03-15,1997-10-29,2016-10-01,2009-09-01,STRONG,,0315|1503|0215|0203|2002,9729|9710|2910|1997|1029,2016|1001|1610|1601|0110,0109|0901|0909|2009
U0809,884078,6,1976-02-26,1977-11-24,2024-07-14,2006-11-15,STRONG,,7626|1976|7602|2602|0226,7711|2411|1124|7724|1977,1407|2414|2407|0714|2024,1511|0611|1115|2006|0615
U0810,499865,6,2001-12-14,2001-07-14,2023-07-30,2017-06-28,STRONG,,1214|0114|0112|1412|2001,0107|1407|0114|2001|0714,2330|0730|2307|3007|2023,2806|1706|1728|0628|2017
U0811,266781,6,1974-03-18,1978-07-07,2012-08-26,2011-06-23,STRONG,,7418|0318|1974|7403|1803,1978|0707|7807,0826|2012|1208|2608|1226,0623|1106|2306|2011|1123
U0812,000000,6,1980-10-20,1975-06-18,2023-07-24,2018-03-04,WEAK,COMMON_PATTERN,2010|8010|1980|1020|8020,7506|1975|7518|1806|0618,2324|2407|2307|2023|0724,1804|2018|0403|0304|1803
U0813,121212,6,1995-04-09,2000-04-17,2011-11-16,2001-09-03,WEAK,COMMON_PATTERN,0409|0904|1995|9509|9504,0004|0417|1704|0017|2000,1611|1111|1116|2011,0309|2001|0109|0103|0903
U0814,000000,6,1973-05-05,1969-06-29,2020-09-23,2018-04-04,WEAK,COMMON_PATTERN,7305|1973|0505,0629|2906|1969|6906|6929,2009|2020|0923|2309|2023,1804|2018|0404
U0815,884884,6,1972-05-04,1967-04-05,2014-11-15,2019-04-28,STRONG,,7205|7204|0504|1972|0405,1967|6704|6705|0504|0405,1511|1115|1415|2014|1411,2019|1928|1904|0428|2804
U0816,654321,6,1971-10-27,1975-07-17,2012-02-03,1996-10-22,WEAK,COMMON_PATTERN,1971|7110|7127|2710|1027,1975|1707|0717|7517|7507,0302|1203|2012|1202|0203,9610|1996|1022|9622|2210
U0817,844110,6,1972-11-25,1976-02-01,2015-11-16,2000-06-07,STRONG,,7225|7211|2511|1972|1125,7601|0102|1976|7602|0201,1511|1516|1611|1116|2015,0007|0006|0607|0706|2000
U0818,654321,6,1982-03-30,1983-02-16,2015-02-08,2010-11-25,WEAK,COMMON_PATTERN,3003|8203|1982|0330|8230,1602|1983|8302|0216|8316,0208|1508|1502|0802|2015,2010|1025|2511|1011|1125
U0819,090053,6,1994-07-25,1993-08-10,2018-02-07,1997-10-05,STRONG,,0725|9407|1994|9425|2507,0810|1993|1008|9310|9308,0702|1807|0207|1802|2018,9705|0510|9710|1997|1005
U0820,301194,6,2001-12-09,2000-08-05,2010-12-17,2009-05-30,STRONG,,0912|0112|2001|0109|1209,0508|0805|0005|2000|0008,2010|1217|1017|1712|1012,2009|0905|3005|0530|0930
U0821,654321,6,1996-11-20,1991-03-22,2022-01-20,2003-11-13,WEAK,COMMON_PATTERN,9620|1120|1996|9611|2011,2203|9122|9103|0322|1991,2220|0120|2001|2022|2201,0311|1113|1311|0313|2003
U0822,929797,6,1995-05-12,1994-11-02,2016-02-17,2019-08-28,STRONG,,9505|9512|1995|1205|0512,1102|0211|1994|9411|9402,1617|1602|2016|1702|0217,2019|2808|1928|0828|1908
U0823,121212,6,1981-04-27,1977-04-07,2021-11-16,2009-12-02,WEAK,COMMON_PATTERN,1981|8104|0427|8127|2704,7707|0704|0407|1977|7704,2021|2111|1611|1116|2116,2009|0902|0212|0912|1202
U0824,967817,6,1994-03-25,1996-05-03,2012-10-15,1999-09-21,STRONG,,0325|1994|9425|9403|2503,1996|0503|9605|0305|9603,1210|2012|1215|1015|1510,9921|9909|0921|1999|2109
U0825,111111,6,1982-10-22,1980-02-18,2024-10-27,2020-04-06,WEAK,COMMON_PATTERN,1022|8222|2210|1982|8210,1802|1980|8018|0218|8002,2410|2427|2710|2024|1027,2004|2006|0406|0604|2020
U0826,212362,6,1999-06-26,1996-02-11,2014-01-12,2010-08-27,STRONG,,9926|1999|0626|2606|9906,1102|9602|0211|1996|9611,1201|1401|0112|1412|2014,2010|2708|1008|1027|0827
U0827,711280,6,1982-12-30,1981-09-15,2018-11-14,2019-05-07,STRONG,,1230|8212|3012|1982|8230,1981|8109|1509|0915|8115,2018|1814|1114|1811|1411,1905|1907|2019|0507|0705
U0828,375882,6,2003-05-14,1998-08-11,2013-04-01,2021-08-17,STRONG,,0514|1405|0305|0314|2003,9811|1998|1108|0811|9808,2013|0401|0104|1304|1301,0817|1708|2021|2117|2108
U0829,460126,6,1986-05-31,1982-01-12,2019-08-12,2008-07-31,STRONG,,1986|0531|3105|8605|8631,1201|8212|8201|0112|1982,2019|1908|1912|1208|0812,0831|0807|2008|0731|3107
U0830,113474,6,1989-08-05,1985-08-09,2011-06-19,2005-01-16,STRONG,,8905|0508|0805|8908|1989,0809|8508|0908|8509|1985,1906|1106|0619|2011|1119,0516|0116|1601|0501|2005
U0831,985055,6,1977-12-17,1982-02-11,2021-09-27,2016-04-14,STRONG,,7712|1217|7717|1712|1977,1102|8202|8211|0211|1982,2127|2021|2709|0927|2109,2016|1604|0414|1614|1404
U0832,123456,6,2001-08-18,1996-05-01,2018-11-06,2023-03-14,WEAK,COMMON_PATTERN,0108|0118|2001|1808|0818,0105|1996|9601|9605|0501,0611|1806|1106|2018|1811,2314|2303|1403|0314|2023
U0833,915477,6,1993-02-14,1994-08-20,2010-10-23,2011-11-12,STRONG,,0214|1993|9314|9302|1402,9420|2008|1994|0820|9408,1010|1023|2310|2010,1112|1211|1111|2011
U0834,206522,6,1980-03-14,1985-12-08,2011-09-03,1996-11-03,STRONG,,8003|8014|1980|1403|0314,8512|8508|1208|0812|1985,1103|0309|2011|0903|1109,0311|1103|1996|9611|9603
U0835,349434,6,1972-07-13,1974-07-06,2024-10-02,2003-06-05,STRONG,,7207|1307|0713|7213|1972,1974|0607|7406|7407|0706,2410|0210|1002|2024|2402,0306|0506|0605|0305|2003
U0836,346474,6,1999-12-12,1994-11-19,2015-08-10,2001-05-04,STRONG,,1999|9912|1212,9419|1994|9411|1119|1911,0810|1508|1008|1510|2015,0105|0104|2001|0504|0405
U0837,111111,6,1983-05-17,1987-08-26,2022-12-18,2003-05-24,WEAK,COMMON_PATTERN,1983|1705|8317|0517|8305,0826|1987|8708|8726|2608,1218|2218|1812|2022|2212,0524|2405|0305|0324|2003
U0838,454403,6,1973-12-04,1975-03-08,2020-10-25,1996-07-17,STRONG,,7304|1204|1973|0412|7312,1975|0308|7508|0803|7503,2010|1025|2510|2025|2020,1707|9617|0717|1996|9607
U0839,077749,6,2000-06-08,2002-11-17,2016-11-15,2013-01-14,STRONG,,0806|0006|0608|2000|0008,1117|0211|1711|0217|2002,1511|1115|2016|1611|1615,1314|1401|2013|0114|1301
U0840,371144,6,2002-05-12,2007-10-12,2022-08-07,2016-08-27,STRONG,,0212|1205|0512|0205|2002,1210|0710|0712|2007|1012,2207|2208|0807|2022|0708,2708|2016|0827|1608|1627
U0841,695967,6,1976-06-04,1975-06-25,2017-07-31,2023-11-16,STRONG,,1976|0406|7604|0604|7606,7506|1975|7525|0625|2506,1707|1731|0731|3107|2017,1611|2316|2311|2023|1116
U0842,257128,6,1984-08-03,1988-01-16,2017-07-14,2002-11-20,STRONG,,0308|0803|8408|8403|1984,0116|8816|8801|1601|1988,1707|1407|1714|0714|2017,0220|1120|0211|2011|2002
U0843,111111,6,1992-05-18,1991-05-20,2023-01-22,2004-12-10,WEAK,COMMON_PATTERN,0518|9218|1805|1992|9205,9105|9120|0520|2005|1991,2322|0122|2301|2201|2023,2004|1210|0410|0412|1012
U0844,692369,6,1993-02-06,1988-11-05,2011-12-07,1996-07-23,STRONG,,1993|9306|0602|0206|9302,1105|0511|8811|8805|1988,1107|1207|1112|2011|0712,1996|9607|9623|2307|0723
U0845,280703,6,1979-04-13,1977-03-08,2020-08-28,2002-09-03,STRONG,,0413|7904|1304|7913|1979,0308|0803|7708|7703|1977,2028|2808|0828|2008|2020,0209|0309|0903|0203|2002
U0846,691363,6,1974-06-10,1979-06-19,2011-12-31,2013-02-23,STRONG,,1006|7410|1974|0610|7406,1906|7919|0619|7906|1979,1231|1112|2011|3112|1131,1302|2013|1323|2302|0223
U0847,000000,6,1973-08-06,1971-07-07,2016-12-12,2020-07-25,WEAK,COMMON_PATTERN,0806|7308|0608|1973|7306,1971|0707|7107,1612|2016|1212,0725|2007|2025|2020|2507
U0848,814588,6,1988-04-09,1986-03-23,2022-12-12,1995-01-10,STRONG,,8804|0409|0904|8809|1988,1986|8603|2303|8623|0323,2022|1212|2212,9501|1995|1001|9510|0110
U0849,578073,6,1972-02-02,1974-09-08,2022-02-10,2013-02-01,STRONG,,1972|0202|7202,7409|0809|1974|7408|0908,1002|0210|2210|2022|2202,0102|1302|2013|0201|1301
U0850,856804,6,1992-07-15,1996-10-12,2013-04-04,2022-12-25,STRONG,,9215|9207|0715|1507|1992,9610|1996|1210|9612|1012,2013|1304|0404,2225|2512|1225|2022|2212
U0851,595901,6,1995-03-16,1992-10-06,2014-02-04,2001-08-20,STRONG,,0316|1995|9516|9503|1603,1006|9210|9206|0610|1992,2014|1402|1404|0204|0402,0120|0108|2008|2001|0820
U0852,391510,6,1973-08-29,1974-08-16,2010-03-19,2006-07-10,STRONG,,0829|7308|1973|2908|7329,0816|1974|7408|7416|1608,2010|0319|1003|1019|1903,1007|2006|0710|0610|0607
U0853,456261,6,1988-05-14,1984-05-20,2017-07-17,2003-07-04,STRONG,,8814|8805|0514|1405|1988,8405|0520|8420|2005|1984,1717|1707|2017|0717,0704|2003|0407|0304|0307
U0854,619053,6,1987-12-11,1991-10-06,2012-01-29,2006-04-19,STRONG,,8712|1987|8711|1112|1211,1006|9106|9110|0610|1991,1201|0129|2901|2012|1229,2006|0604|0619|1904|0419
U0855,258025,6,1989-12-25,1993-04-26,2019-03-02,2001-05-25,WEAK,COMMON_PATTERN,2512|8925|8912|1225|1989,0426|9326|1993|9304|2604,0302|2019|1903|1902|0203,0125|0105|2505|2001|0525
U0856,944493,6,1990-07-03,1988-06-28,2021-07-22,2023-11-28,STRONG,,1990|0703|9007|0307|9003,2806|8828|0628|8806|1988,2207|2021|2107|2122|0722,1128|2811|2311|2023|2328
U0857,986391,6,1998-10-14,1998-08-24,2023-08-11,2006-03-03,STRONG,,1410|9814|1014|1998|9810,1998|0824|2408|9808|9824,2308|1108|0811|2311|2023,0303|0603|2006
U0858,306104,6,1991-04-27,1989-04-14,2017-01-21,1997-02-13,STRONG,,9104|0427|2704|1991|9127,8914|0414|8904|1404|1989,2101|1721|1701|2017|0121,0213|1302|9702|9713|1997
U0859,133081,6,1992-06-20,1995-07-12,2023-10-31,2008-05-11,STRONG,,2006|9206|0620|1992|9220,1207|9507|9512|1995|0712,2310|1031|3110|2331|2023,1105|0511|0805|0811|2008
U0860,027393,6,1991-11-18,1989-04-23,2023-02-14,2012-02-19,STRONG,,9118|1118|1811|1991|9111,8904|0423|8923|2304|1989,0214|2302|2314|2023|1402,1219|2012|1202|0219|1902
U0861,921821,6,1989-05-30,1987-01-17,2024-07-11,2020-08-28,STRONG,,8905|3005|0530|8930|1989,1701|1987|8717|0117|8701,1107|2411|2407|0711|2024,2028|2808|0828|2008|2020
U0862,159707,6,1997-11-02,1993-05-04,2020-08-23,1996-10-31,STRONG,,1102|0211|9702|1997|9711,9305|1993|0504|9304|0405,2308|0823|2020|2008|2023,9610|9631|1031|3110|1996
U0863,989534,6,1986-11-04,1981-12-03,2021-06-15,2010-04-02,STRONG,,1986|0411|1104|8604|8611,8103|1981|1203|8112|0312,2021|2115|2106|1506|0615,2010|1002|1004|0204|0402
U0864,856328,6,1978-11-11,1976-07-20,2013-01-19,2009-05-28,STRONG,,7811|1978|1111,0720|1976|7607|2007|7620,2013|1901|1301|1319|0119,2009|0928|0905|2805|0528
U0865,505061,6,1987-07-30,1984-04-23,2024-01-31,2021-05-01,STRONG,,8707|1987|8730|0730|3007,0423|2304|8423|8404|1984,0131|3101|2024|2401|2431,2101|2021|0105|2105|0501
U0866,423257,6,1992-10-27,1994-10-16,2013-03-28,2007-04-12,STRONG,,9227|9210|2710|1992|1027,1016|9410|1610|1994|9416,2013|1328|0328|2803|1303,1204|0704|0412|0712|2007
U0867,875217,6,2002-07-01,1998-04-02,2011-04-02,2016-01-07,STRONG,,0107|0201|0207|0701|2002,1998|9802|9804|0204|0402,1102|1104|2011|0204|0402,0107|1607|2016|1601|0701
U0868,111111,6,1970-11-22,1969-11-12,2023-01-23,2004-06-17,WEAK,COMMON_PATTERN,7011|1970|7022|1122|2211,1969|6912|1112|6911|1211,0123|2023|2301|2323,2004|1706|0406|0417|0617
U0869,245454,6,1979-04-05,1974-08-21,2012-02-02,2002-09-10,STRONG,,7904|0504|1979|0405|7905,0821|7421|7408|1974|2108,2012|1202|0202,0910|0209|0210|1009|2002
U0870,996841,6,2001-04-06,2006-10-01,2010-12-03,1995-01-12,STRONG,,0406|0104|0604|2001|0106,0601|2006|1001|0610|0110,2010|1203|1003|1012|0312,1201|9501|9512|1995|0112
U0871,713490,6,1993-10-08,1992-11-19,2022-08-16,2014-12-28,STRONG,,0810|1993|1008|9310|9308,9219|9211|1992|1119|1911,2208|0816|2216|2022|1608,2812|1412|2014|1228|1428
U0872,103801,6,1989-12-18,1985-09-06,2015-05-04,2009-05-16,STRONG,,8918|1218|8912|1812|1989,0906|0609|8509|8506|1985,1504|1505|0504|0405|2015,0916|2009|0516|0905|1605
U0873,727966,6,1988-02-21,1993-03-19,2011-08-21,2003-11-17,STRONG,,8802|2102|0221|8821|1988,1993|9319|0319|1903|9303,0821|1108|1121|2011|2108,0311|0317|1711|2003|1117
U0874,123456,6,1977-02-07,1975-07-29,2013-12-04,2008-05-05,WEAK,COMMON_PATTERN,7707|0702|7702|0207|1977,2907|1975|7529|0729|7507,1204|2013|1304|0412|1312,0505|0805|2008
U0875,517007,6,2000-03-30,1996-02-26,2012-08-23,2020-12-05,STRONG,,3003|0030|0003|0330|2000,9602|2602|1996|0226|9626,2308|0823|2012|1208|1223,2020|1205|2012|0512|2005
U0876,347862,6,1992-12-06,1993-08-18,2016-04-18,2016-08-14,STRONG,,9212|1206|9206|0612|1992,1993|1808|9318|9308|0818,1618|1604|2016|1804|0418,0814|1408|2016|1614|1608
U0877,633043,6,1986-01-15,1983-03-30,2020-07-21,2008-11-30,STRONG,,8615|8601|1986|1501|0115,8330|1983|8303|3003|0330,2021|2107|2007|2020|0721,1130|0830|0811|3011|2008
U0878,913216,6,1979-01-28,1980-11-22,2022-04-12,1998-07-31,STRONG,,7901|7928|2801|0128|1979,1980|8022|1122|2211|8011,1204|2022|0412|2212|2204,9807|1998|9831|0731|3107
U0879,206987,6,1990-04-29,1995-11-01,2012-09-03,1996-04-01,STRONG,,1990|9029|2904|0429|9004,9501|9511|1995|0111|1101,1203|0309|2012|0903|1209,1996|9601|0401|0104|9604
U0880,737258,6,1997-11-29,1996-11-22,2012-04-18,2022-06-01,STRONG,,9729|1997|9711|1129|2911,1996|9622|9611|1122|2211,1218|1204|2012|1804|0418,0601|2206|2022|2201|0106
U0881,481722,6,1980-03-25,1983-12-02,2017-02-10,1999-07-16,STRONG,,8003|0325|8025|1980|2503,0212|1983|8302|8312|1202,1002|0210|1710|1702|2017,9907|1607|1999|9916|0716
U0882,000000,6,1989-11-13,1990-12-26,2019-02-04,2018-08-27,WEAK,COMMON_PATTERN,8911|1113|1311|8913|1989,1990|9026|2612|9012|1226,2019|1904|1902|0204|0402,2708|0827|2018|1808|1827
U0883,998082,6,1983-05-05,1979-08-18,2020-10-09,2004-08-02,STRONG,,0505|8305|1983,7918|7908|1808|1979|0818,2010|2009|0910|1009|2020,0208|2004|0408|0802|0402
U0884,304850,6,1988-08-30,1984-11-24,2010-07-09,2019-08-22,STRONG,,0830|8808|3008|8830|1988,8424|2411|1124|8411|1984,2010|1007|1009|0709|0907,2019|2208|1908|0822|1922
U0885,225759,6,2000-02-18,1996-05-15,2017-03-05,2001-09-23,STRONG,,0018|1802|0218|2000|0002,0515|1505|1996|9605|9615,1703|1705|0503|0305|2017,0923|2309|2001|0123|0109
U0886,349631,6,1990-11-01,1986-05-06,2021-07-19,2012-09-27,STRONG,,9011|1990|9001|0111|1101,1986|0506|8606|0605|8605,2119|2021|1907|2107|0719,2709|0927|2012|1227|1209
U0887,655745,6,1980-07-12,1985-08-28,2015-11-10,2011-12-31,STRONG,,8007|8012|1207|1980|0712,8528|2808|0828|8508|1985,1511|1110|1510|1011|2015,1231|1112|2011|3112|1131
U0888,970633,6,1992-10-01,1994-10-18,2018-07-26,2006-07-31,STRONG,,9210|1001|1992|9201|0110,9418|9410|1018|1810|1994,0726|1826|1807|2018|2607,2006|0631|0731|0607|3107
U0889,313127,6,1983-03-13,1985-04-19,2022-04-23,2001-02-13,STRONG,,8313|1983|8303|1303|0313,8519|1904|0419|8504|1985,0423|2304|2022|2204|2223,0213|1302|0102|2001|0113
U0890,654321,6,1976-06-10,1975-10-24,2014-07-31,2023-11-19,WEAK,COMMON_PATTERN,7610|1006|1976|0610|7606,1975|2410|7524|1024|7510,1407|0731|2014|3107|1431,2319|2311|2023|1119|1911
U0891,740632,6,1995-06-13,1995-08-30,2023-02-18,1995-03-19,STRONG,,0613|1995|9513|1306|9506,9508|0830|1995|3008|9530,0218|2302|1802|2318|2023,9519|0319|1995|1903|9503
U0892,444352,6,1994-02-09,1991-10-12,2013-06-04,2011-09-08,STRONG,,0902|0209|9409|1994|9402,1210|9110|9112|1012|1991,2013|0406|1304|0604|1306,1108|0809|2011|0908|1109
U0893,336997,6,1989-08-23,1984-10-05,2018-02-01,1997-09-27,STRONG,,2308|0823|8923|8908|1989,0510|8410|8405|1005|1984,0102|0201|2018|1802|1801,2709|9709|0927|1997|9727
U0894,755056,6,1975-07-02,1978-04-25,2020-11-18,2021-12-21,STRONG,,1975|0702|7507|7502|0207,1978|7804|0425|7825|2504,2020|2018|1118|2011|1811,2021|1221|2121|2112
U0895,391446,6,1982-05-25,1985-01-29,2021-03-24,2004-03-20,STRONG,,2505|8205|8225|1982|0525,0129|2901|8501|8529|1985,2124|2403|2021|2103|0324,0420|2004|0320|0403|2003
U0896,476854,6,1998-01-08,1999-08-25,2023-02-02,2018-09-25,STRONG,,0108|1998|0801|9808|9801,2508|9908|0825|9925|1999,2023|2302|0202,1825|0925|2018|2509|1809
U0897,111111,6,1998-09-11,1998-08-19,2019-01-05,2019-03-26,WEAK,COMMON_PATTERN,0911|9811|1998|1109|9809,9819|1998|1908|0819|9808,1905|2019|0105|1901|0501,2019|0326|1903|2603|1926
U0898,904465,6,1991-07-11,1993-05-02,2023-06-06,2022-08-28,STRONG,,1107|9107|0711|1991|9111,9305|1993|0502|0205|9302,2023|0606|2306,2208|2808|0828|2228|2022
U0899,258025,6,1986-03-14,1991-03-10,2016-07-06,2011-01-05,WEAK,COMMON_PATTERN,8614|1986|8603|1403|0314,0310|9110|1003|9103|1991,1606|1607|2016|0607|0706,1105|0105|2011|1101|0501
U0900,723224,6,1973-03-01,1978-11-30,2021-02-09,2021-12-03,STRONG,,0301|1973|7303|7301|0103,1130|1978|3011|7830|7811,0902|2021|0209|2102|2109,2021|2103|1203|2112|0312
U0901,888023,6,1987-10-17,1992-04-07,2018-10-25,2002-04-26,STRONG,,1987|8717|1710|1017|8710,9204|9207|0704|1992|0407,1025|2510|1825|1810|2018,0426|0226|0204|2604|2002
U0902,123456,6,1975-04-05,1975-05-13,2024-07-10,2010-11-26,WEAK,COMMON_PATTERN,1975|7504|7505|0504|0405,1975|7513|1305|7505|0513,1007|2410|2407|0710|2024,2010|2611|1026|1011|1126
U0903,675320,6,1981-06-22,1978-03-11,2017-12-19,2016-09-26,STRONG,,1981|0622|8122|2206|8106,0311|7803|1103|1978|7811,1219|1912|1712|1719|2017,1609|1626|2016|0926|2609
U0904,169818,6,1985-10-29,1990-08-18,2023-03-14,2001-06-06,STRONG,,2910|8529|8510|1029|1985,1990|9018|1808|9008|0818,2314|2303|1403|0314|2023,0606|0106|2001
U0905,451259,6,2002-03-22,2002-04-16,2018-01-26,2011-05-03,STRONG,,0203|2203|0222|0322|2002,0416|1604|0204|0216|2002,1826|0126|2601|2018|1801,1103|1105|0503|0305|2011
U0906,575551,6,1976-07-25,1971-09-02,2013-12-02,2015-01-13,STRONG,,0725|1976|7607|2507|7625,0902|1971|0209|7102|7109,1302|0212|2013|1202|1312,1501|1301|1513|0113|2015
U0907,650067,6,1990-09-13,1988-10-22,2012-01-30,2010-09-09,STRONG,,1990|0913|1309|9013|9009,8822|1022|8810|2210|1988,1230|1201|0130|2012|3001,2010|1009|0909
U0908,211066,6,1991-03-08,1995-04-10,2021-09-04,2008-07-07,STRONG,,0308|0803|9103|9108|1991,1995|1004|0410|9510|9504,0409|2021|0904|2104|2109,0807|0707|2008
U0909,976688,6,1986-11-22,1984-02-20,2024-06-27,1996-03-16,STRONG,,8622|1986|8611|1122|2211,0220|8402|8420|1984|2002,0627|2706|2427|2024|2406,0316|1996|9616|9603|1603
U0910,796732,6,1981-10-31,1985-10-29,2024-12-18,2005-07-06,STRONG,,1031|1981|3110|8131|8110,2910|8529|8510|1029|1985,1218|2412|1812|2024|2418,0506|0507|0607|2005|0706
U0911,075914,6,1982-08-01,1981-03-19,2015-11-30,2019-09-15,STRONG,,8208|0108|8201|0801|1982,8103|1981|8119|0319|1903,1130|1511|1530|3011|2015,1915|2019|1509|0915|1909
U0912,450655,6,2000-10-21,2001-01-21,2017-07-22,2012-10-04,STRONG,,0010|1021|2110|0021|2000,2101|2001|0121|0101,2207|1707|1722|2017|0722,1204|1210|0410|2012|1004
U0913,654321,6,1978-10-09,1977-11-02,2014-01-30,2003-03-14,WEAK,COMMON_PATTERN,7809|0910|1978|7810|1009,1102|7711|0211|7702|1977,0130|1401|3001|1430|2014,1403|2003|0303|0314
U0914,712418,6,1977-11-20,1974-09-06,2013-01-16,2023-01-06,STRONG,,1120|7711|7720|2011|1977,7409|1974|0906|0609|7406,0116|2013|1601|1301|1316,0601|0106|2301|2306|2023
U0915,932880,6,1995-11-09,1993-03-29,2020-03-10,2011-03-13,STRONG,,0911|9511|1995|9509|1109,1993|2903|9329|0329|9303,2010|0310|1003|2020|2003,1103|1113|1303|2011|0313
U0916,860231,6,1974-04-14,1969-11-09,2022-11-19,1997-08-27,STRONG,,7404|0414|1974|7414|1404,0911|1969|6909|6911|1109,2219|2022|2211|1119|1911,2708|9708|1997|9727|0827
U0917,654321,6,1989-01-21,1984-09-03,2013-04-23,1997-04-20,WEAK,COMMON_PATTERN,2101|8901|8921|1989|0121,8409|0309|8403|0903|1984,2013|1323|1304|0423|2304,0420|2004|9720|1997|9704
U0918,460787,6,1991-11-24,1992-07-06,2010-08-21,1997-08-03,STRONG,,9124|2411|1124|1991|9111,9207|9206|1992|0607|0706,2010|0821|1008|1021|2108,0308|9708|0803|1997|9703
U0919,681042,6,1993-06-29,1989-10-16,2012-04-26,2021-03-01,STRONG,,0629|2906|1993|9306|9329,1016|8916|8910|1610|1989,0426|1204|2012|1226|2604,2101|2021|2103|0301|0103
U0920,070284,6,2000-11-03,2004-09-22,2022-12-26,2007-08-29,STRONG,,0311|1103|0011|0003|2000,0409|2004|0922|0422|2209,2612|2226|2022|2212|1226,0829|0729|2908|2007|0708
U0921,318293,6,1981-09-23,1986-03-27,2017-02-09,1996-10-31,STRONG,,8123|1981|8109|0923|2309,1986|8603|2703|8627|0327,0902|1709|0209|1702|2017,9610|9631|1031|3110|1996
U0922,000000,6,1989-08-01,1991-07-16,2022-10-17,2001-04-24,WEAK,COMMON_PATTERN,8901|0108|0801|8908|1989,9116|1607|9107|0716|1991,2022|1017|2210|2217|1710,0424|0104|2001|2404|0124
U0923,385458,6,1970-03-05,1974-09-14,2012-09-05,1997-09-19,STRONG,,7005|1970|7003|0503|0305,1409|7409|1974|7414|0914,1205|0905|2012|0509|1209,0919|9709|1997|1909|9719
U0924,912756,6,1977-03-29,1973-02-21,2022-09-16,2008-12-12,STRONG,,2903|7729|0329|7703|1977,7321|1973|2102|0221|7302,0916|1609|2022|2216|2209,1212|2008|0812
U0925,991980,6,1981-07-31,1983-04-24,2020-04-02,2006-05-18,STRONG,,1981|8131|0731|3107|8107,1983|8304|0424|8324|2404,2004|0402|0204|2020|2002,2006|0605|1805|0518|0618
U0926,728643,6,2002-06-29,2003-08-07,2021-10-11,2004-10-31,STRONG,,0629|2906|0206|0229|2002,0308|0807|0708|2003|0307,2021|2111|1110|2110|1011,2004|1031|3110|0410|0431
U0927,129257,6,1976-09-07,1974-10-18,2020-05-19,2015-02-04,STRONG,,7609|1976|7607|0709|0907,7418|7410|1018|1810|1974,1905|2019|0519|2005|2020,1504|1502|2015|0204|0402
U0928,569416,6,1976-05-05,1977-05-04,2015-03-08,2017-06-26,STRONG,,1976|0505|7605,7705|0504|0405|1977|7704,0308|1508|0803|1503|2015,1706|0626|2606|1726|2017
U0929,665817,6,1997-06-14,1997-05-14,2018-01-03,2013-09-05,STRONG,,1406|9714|1997|9706|0614,9705|9714|0514|1405|1997,0301|2018|1801|0103|1803,2013|1309|0905|1305|0509
U0930,117221,6,1992-11-18,1993-09-06,2010-04-24,2011-03-28,STRONG,,9218|1118|9211|1992|1811,1993|9306|0906|0609|9309,2010|0424|1004|2404|1024,1128|1103|0328|2803|2011
U0931,743013,6,1995-01-13,1999-02-21,2018-03-26,2020-08-06,STRONG,,9501|1995|9513|1301|0113,9921|1999|2102|0221|9902,1826|2018|0326|2603|1803,0806|2006|0608|2008|2020
U0932,654321,6,1974-09-29,1971-08-31,2020-09-18,2014-05-29,WEAK,COMMON_PATTERN,7429|7409|2909|1974|0929,7131|0831|3108|1971|7108,2009|0918|2018|1809|2020,1429|1405|0529|2014|2905
U0933,000000,6,1987-06-11,1990-09-15,2017-01-26,2009-06-09,WEAK,COMMON_PATTERN,0611|8706|1987|8711|1106,1990|1509|9009|0915|9015,1701|0126|2601|1726|2017,0906|0909|0609|2009
U0934,465844,6,1983-02-05,1986-03-06,2022-02-09,2007-04-28,STRONG,,1983|8302|0502|8305|0205,0306|1986|8606|8603|0603,0902|0209|2022|2202|2209,0728|0704|2007|0428|2804
U0935,111111,6,2002-02-16,2000-01-20,2015-11-24,2021-11-03,WEAK,COMMON_PATTERN,0216|0202|1602|2002,0001|0120|0020|2001|2000,1524|1511|2411|1124|2015,0311|1103|2021|2103|2111
U0936,290701,6,1984-07-12,1979-07-18,2024-02-16,2011-08-10,STRONG,,1207|8407|0712|8412|1984,0718|7907|1807|1979|7918,1602|2416|0216|2024|2402,0810|1108|1008|1110|2011
U0937,654321,6,1989-03-26,1991-12-06,2018-01-13,2004-07-05,WEAK,COMMON_PATTERN,8926|8903|0326|2603|1989,9106|1206|0612|9112|1991,1813|2018|1801|1301|0113,2004|0507|0405|0705|0407
U0938,571906,6,1977-06-01,1982-06-28,2012-01-13,2018-06-14,STRONG,,0601|7701|7706|0106|1977,2806|8228|8206|0628|1982,1201|1213|2012|1301|0113,1406|1806|2018|1814|0614
U0939,326233,6,1993-01-09,1989-01-10,2023-12-19,2001-11-03,STRONG,,1993|9301|0109|0901|9309,8901|8910|1001|1989|0110,2319|1219|2312|1912|2023,0311|1103|2001|0111|0103
U0940,252037,6,1993-12-22,1990-08-02,2020-05-11,2008-08-20,STRONG,,9312|1993|2212|9322|1222,1990|0208|9002|0802|9008,1105|0511|2011|2005|2020,0820|0808|2008
U0941,000000,6,2000-07-20,1996-01-01,2017-09-11,2004-06-16,WEAK,COMMON_PATTERN,0720|0007|0020|2007|2000,9601|1996|0101,0911|1709|1109|1711|2017,1606|0616|2004|0416|0406
U0942,882744,6,1989-09-02,1992-01-15,2013-04-17,2017-11-15,STRONG,,0902|8909|8902|0209|1989,9215|1501|0115|1992|9201,1317|2013|0417|1704|1304,2017|1511|1115|1711|1715
U0943,486948,6,2002-05-17,1998-08-23,2017-02-18,2019-08-13,STRONG,,1705|0517|0205|0217|2002,2308|0823|1998|9823|9808,1802|1718|1702|0218|2017,1913|2019|0813|1908|1308
U0944,571543,6,1973-11-05,1978-05-26,2022-10-18,1997-09-20,STRONG,,1105|0511|7305|1973|7311,2605|7826|1978|0526|7805,2218|1018|1810|2210|2022,2009|9720|9709|0920|1997
U0945,123456,6,1971-09-26,1966-12-31,2016-03-10,2006-08-23,WEAK,COMMON_PATTERN,1971|0926|2609|7126|7109,1231|6631|3112|1966|6612,0310|2016|1610|1003|1603,2006|2308|0823|0623|0608
U0946,441406,6,1983-01-25,1987-08-28,2016-11-29,2000-09-22,STRONG,,0125|2501|1983|8301|8325,1987|8708|2808|0828|8728,2016|1129|2911|1611|1629,0009|0022|0922|2000|2209
U0947,189584,6,1995-02-27,1996-03-10,2021-05-30,1995-07-20,STRONG,,9527|1995|0227|9502|2702,9610|0310|1996|1003|9603,2021|2105|3005|0530|2130,0720|9507|9520|1995|2007
U0948,397414,6,1999-10-12,1999-03-26,2019-08-19,2018-09-28,STRONG,,1210|1999|1012|9910|9912,9926|1999|0326|2603|9903,0819|1919|2019|1908,2809|0928|1828|2018|1809
U0949,627343,6,2003-06-14,2001-11-26,2019-04-26,2013-12-14,STRONG,,1406|0306|0314|2003|0614,2611|0126|2001|0111|1126,0426|2019|1904|1926|2604,1314|2013|1214|1312|1412
U0950,041945,6,1987-04-08,1984-04-27,2021-05-14,2007-09-26,STRONG,,0804|1987|8708|0408|8704,0427|8427|2704|8404|1984,2021|2114|0514|2105|1405,0726|0926|2609|2007|0709
U0951,773714,6,1970-07-29,1966-09-26,2014-10-18,1997-07-06,STRONG,,7029|2907|1970|7007|0729,6609|0926|2609|1966|6626,1410|1418|1018|1810|2014,9707|9706|1997|0607|0706
U0952,342359,6,1996-05-29,1996-07-02,2016-12-01,2021-10-19,STRONG,,1996|9605|0529|9629|2905,9602|1996|9607|0702|0207,1612|1201|2016|0112|1601,2119|2021|1910|1019|2110
U0953,000000,6,1991-03-06,1992-05-21,2019-11-24,2011-11-09,WEAK,COMMON_PATTERN,0306|9106|9103|1991|0603,0521|2105|1992|9205|9221,2019|2411|1124|1924|1911,0911|1111|1109|2011
U0954,263960,6,1972-09-20,1970-02-01,2013-02-28,1996-05-28,STRONG,,2009|7209|0920|7220|1972,0102|1970|0201|7002|7001,1302|2013|0228|2802|1328,1996|2805|9628|9605|0528
U0955,169032,6,1988-08-21,1992-11-06,2013-02-22,2002-02-04,STRONG,,0821|8808|8821|2108|1988,0611|1106|9206|9211|1992,1302|2013|1322|0222|2202,0204|0402|0202|2002
U0956,971001,6,1972-12-11,1970-06-21,2024-03-04,2006-04-04,STRONG,,7211|1112|1972|7212|1211,1970|2106|7006|7021|0621,2403|0403|2404|2024|0304,0604|2006|0404
U0957,258025,6,1986-01-13,1990-05-02,2017-12-17,2010-06-17,WEAK,COMMON_PATTERN,8601|8613|1986|1301|0113,1990|0502|9005|9002|0205,1717|1712|2017|1217,2010|1006|1706|1017|0617
U0958,987148,6,1993-07-27,1988-08-20,2015-04-29,2015-05-29,STRONG,,9327|2707|1993|0727|9307,8808|2008|0820|8820|1988,1504|2904|0429|1529|2015,1505|0529|2015|1529|2905
U0959,121212,6,1982-09-06,1983-12-16,2017-10-04,2002-01-02,WEAK,COMMON_PATTERN,8209|8206|0906|0609|1982,1612|1216|1983|8312|8316,1704|0410|1004|1710|2017,0102|0201|0202|2002
U0960,852224,6,1981-01-26,1986-12-02,2010-05-14,2005-01-14,STRONG,,8126|1981|0126|8101|2601,8612|0212|1986|1202|8602,2010|1014|0514|1405|1005,1401|0114|0514|0501|2005
U0961,153092,6,1970-01-25,1975-10-26,2015-10-21,1998-04-14,STRONG,,0125|1970|2501|7025|7001,1975|2610|1026|7526|7510,1021|2110|1510|1521|2015,9814|1998|0414|9804|1404
U0962,584663,6,1986-08-25,1981-07-07,2024-12-08,2021-02-11,STRONG,,1986|2508|0825|8625|8608,0707|8107|1981,2412|1208|2408|0812|2024,1102|2021|0211|2111|2102
U0963,661754,6,2000-10-13,2001-04-27,2012-03-10,2016-11-09,STRONG,,1310|0013|1013|0010|2000,0127|0427|0104|2001|2704,0310|1203|1210|2012|1003,1609|0911|2016|1611|1109
U0964,654321,6,1985-03-25,1981-12-11,2017-09-04,2015-07-31,WEAK,COMMON_PATTERN,1985|8525|0325|8503|2503,1981|8112|1112|8111|1211,0409|1709|0904|1704|2017,1507|0731|1531|3107|2015
U0965,914734,6,1995-08-14,1995-10-06,2011-11-04,2000-09-04,STRONG,,9514|9508|0814|1408|1995,1006|1995|0610|9510|9506,0411|1111|2011|1104,0009|0004|0409|0904|2000
U0966,840923,6,1983-03-04,1986-12-27,2015-10-13,2008-08-15,STRONG,,1983|8303|8304|0403|0304,8612|1986|1227|2712|8627,1310|1013|1510|1513|2015,0808|1508|2008|0815
U0967,337863,6,1985-10-24,1982-07-10,2020-06-18,1996-02-03,STRONG,,8524|2410|8510|1024|1985,1007|0710|1982|8210|8207,2006|1806|2018|0618|2020,0302|9602|1996|9603|0203
U0968,140222,6,1999-08-11,1998-05-26,2019-01-22,2013-05-02,STRONG,,1108|9911|0811|9908|1999,9805|2605|1998|0526|9826,2019|0122|1901|1922|2201,1302|2013|0502|1305|0205
U0969,121212,6,1978-12-05,1982-08-20,2013-04-14,2023-07-18,WEAK,COMMON_PATTERN,7812|1978|1205|7805|0512,8208|2008|1982|0820|8220,1314|2013|0414|1304|1404,0718|1807|2318|2307|2023
U0970,654321,6,1993-06-09,1991-12-30,2014-06-27,2018-11-18,WEAK,COMMON_PATTERN,1993|9306|0906|0609|9309,1230|3012|9130|9112|1991,1406|0627|2706|2014|1427,1818|2018|1811|1118
U0971,654321,6,1974-03-24,1979-03-21,2014-01-03,1997-04-09,WEAK,COMMON_PATTERN,2403|1974|7403|7424|0324,7903|2103|0321|1979|7921,1401|0301|1403|2014|0103,0409|9709|0904|1997|9704
U0972,392636,6,1990-01-17,1985-10-30,2018-02-13,2013-11-21,STRONG,,1990|1701|0117|9017|9001,3010|8530|8510|1030|1985,0213|1302|1813|1802|2018,2013|2111|1311|1321|1121
U0973,424450,6,1992-12-29,1994-05-26,2015-10-23,2020-05-08,STRONG,,2912|9212|1229|9229|1992,9426|9405|2605|1994|0526,2310|1523|1023|1510|2015,0508|0805|2020|2008|2005
U0974,773020,6,1989-04-07,1991-04-15,2020-04-13,2013-02-10,STRONG,,8907|8904|0704|1989|0407,1504|9115|9104|0415|1991,0413|2004|2013|1304|2020,1310|1302|2013|1002|0210
U0975,654321,6,1975-10-03,1972-04-01,2012-04-13,2013-08-15,WEAK,COMMON_PATTERN,1975|0310|1003|7503|7510,7201|0401|0104|7204|1972,0413|1213|1204|1304|2012,1508|2013|0815|1315|1308
U0976,635404,6,1983-08-21,1984-12-31,2010-01-16,1996-02-18,STRONG,,0821|1983|8308|8321|2108,1231|3112|8412|1984|8431,2010|1016|0116|1001|1601,9602|9618|1996|1802|0218
U0977,121212,6,1995-05-11,1997-05-03,2010-06-12,1998-12-19,WEAK,COMMON_PATTERN,9505|1105|0511|9511|1995,9705|0503|0305|1997|9703,2010|1006|1206|0612|1012,9819|1998|1219|1912|9812
U0978,797032,6,1989-03-31,1994-06-28,2016-02-28,2008-02-10,STRONG,,3103|8931|8903|0331|1989,2806|9406|1994|0628|9428,1602|2016|0228|2802|1628,0810|2008|1002|0210|0802
U0979,111111,6,1990-05-24,1989-03-30,2015-05-14,2004-05-27,WEAK,COMMON_PATTERN,1990|0524|9024|9005|2405,3003|8903|8930|0330|1989,1505|1514|0514|1405|2015,2004|0427|2705|0527|0405
U0980,185651,6,1983-08-31,1987-07-02,2018-07-05,2023-02-09,STRONG,,0831|3108|1983|8308|8331,8707|1987|0702|0207|8702,0507|1807|2018|1805|0705,0902|2302|0209|2309|2023
U0981,568622,6,1999-06-18,1998-09-04,2013-06-23,1998-10-13,STRONG,,1806|1999|9906|0618|9918,0409|1998|0904|9804|9809,2013|1323|0623|2306|1306,1310|1013|1998|9813|9810
U0982,123456,6,1987-10-03,1988-12-17,2010-01-25,2011-01-02,WEAK,COMMON_PATTERN,0310|1987|1003|8710|8703,1217|8817|1712|8812|1988,2010|0125|1025|2501|1001,1102|0102|0201|2011|1101
U0983,006682,6,1970-02-20,1967-08-13,2011-01-18,1998-10-05,STRONG,,0220|1970|7020|7002|2002,1967|0813|6708|6713|1308,0118|1118|1801|2011|1101,9805|0510|1998|9810|1005
U0984,121212,6,1989-08-28,1987-06-15,2013-05-29,2001-06-26,WEAK,COMMON_PATTERN,2808|0828|8908|8928|1989,8706|1987|1506|0615|8715,2013|1305|0529|1329|2905,0126|2001|0626|2606|0106
U0985,000000,6,1973-02-01,1971-09-25,2013-02-12,2021-02-17,WEAK,COMMON_PATTERN,0102|0201|1973|7302|7301,1971|0925|7109|2509|7125,1302|0212|2013|1202|1312,2021|2102|2117|1702|0217
U0986,027900,6,1983-12-18,1983-12-13,2024-12-16,2009-12-31,STRONG,,1218|1983|8312|1812|8318,8313|1213|1983|8312|1312,1612|1216|2412|2416|2024,2009|0931|0912|1231|3112
U0987,236546,6,1983-05-05,1980-08-22,2023-06-26,2018-05-10,STRONG,,0505|8305|1983,8008|2208|0822|1980|8022,2326|2306|0626|2606|2023,0510|1810|2018|1805|1005
U0988,940241,6,1974-02-02,1976-10-11,2016-06-04,2009-02-15,STRONG,,0202|7402|1974,7610|7611|1976|1110|1011,1606|0406|2016|1604|0604,2009|0902|1502|0915|0215
U0989,934795,6,2000-11-16,2002-12-09,2011-06-07,2000-06-12,STRONG,,0011|0016|1611|1116|2000,0212|0912|0209|1209|2002,1107|1106|2011|0607|0706,0012|0006|1206|0612|2000
U0990,516724,6,1985-06-08,1989-09-19,2014-12-23,2014-05-29,STRONG,,0806|0608|8508|8506|1985,0919|8909|8919|1909|1989,2014|2312|1423|1412|1223,1429|1405|0529|2014|2905
U0991,856102,6,1997-02-03,1993-04-10,2012-11-10,1999-09-02,STRONG,,0302|0203|9702|1997|9703,1993|1004|0410|9310|9304,1210|2012|1110|1211|1011,0902|9909|0209|1999|9902
U0992,345420,6,1990-02-24,1986-09-03,2021-07-19,1997-04-17,STRONG,,1990|9024|9002|0224|2402,8609|1986|8603|0309|0903,2119|2021|1907|2107|0719,0417|1704|9717|1997|9704
U0993,953085,6,1981-07-02,1986-12-15,2022-01-27,2010-11-15,STRONG,,1981|0702|8102|0207|8107,8612|8615|1986|1512|1215,0127|2701|2227|2022|2201,2010|1511|1115|1015|1011
U0994,121212,6,1994-06-17,1996-07-13,2020-08-08,2022-11-06,WEAK,COMMON_PATTERN,9417|1706|9406|1994|0617,1307|0713|1996|9607|9613,0808|2020|2008,0611|1106|2206|2022|2211
U0995,531462,6,1995-07-01,1998-08-23,2018-03-14,2006-09-23,STRONG,,9501|0107|9507|1995|0701,2308|0823|1998|9823|9808,2018|1403|0314|1814|1803,2006|0623|0923|0609|2309
U0996,110549,6,1981-06-05,1983-08-19,2012-06-02,2016-01-06,STRONG,,1981|0506|0605|8105|8106,1983|8308|8319|1908|0819,1206|2012|1202|0602|0206,1606|0601|2016|1601|0106
U0997,388959,6,1981-10-23,1984-02-01,2024-05-23,2020-07-17,STRONG,,2310|8123|1981|1023|8110,0102|8402|0201|8401|1984,0523|2423|2405|2305|2024,1707|0717|2007|2020|2017
U0998,111111,6,1984-03-06,1985-08-19,2017-07-03,2004-11-18,WEAK,COMMON_PATTERN,0306|8406|8403|1984|0603,8519|8508|1908|0819|1985,1707|1703|0703|2017|0307,2004|0411|1118|0418|1811
U0999,883658,6,1985-10-09,1983-01-25,2014-07-04,2003-07-28,STRONG,,0910|8510|8509|1009|1985,0125|2501|1983|8301|8325,1407|0704|1404|2014|0407,0728|2807|0328|2003|0307
U1000,783119,6,1983-11-07,1981-10-13,2019-10-15,1997-02-18,STRONG,,8311|1107|1983|0711|8307,1310|1981|1013|8113|8110,1915|2019|1910|1015|1510,9702|9718|1802|1997|0218
